TIME,LABEL,Since,Set,Movement,Moment,PointType,Type,Rest,Gap,Connect,Elide,Phr_end,Phr_begining,Rubato,Rit,Fermata,Precision,Cresc,Fp,Diminuendo,TextDec,Drone,TextInc,Ratio,SoundAmp_pre,SoundAmp_post,SoundAmp_shift,OnsetRate_pre,OnsetRate_post,OnsetRate_shift,QoMmean_pre,QoMmean_post,QoMmean_shift,QoMmedian_pre,QoMmedian_post,QoMmedian_shift
61.32,2.5,3.9,1,1,1,Low_Rest,Rest,1.0,0.0,0.0,0.0,1.0,0.0,0.0,0.0,0.0,1.0,0.0,0.0,1.0,1.0,0.0,0.0,0.3826086956521739,0.1087462324315025,0.003268426723254613,-0.10547780570824788,0.18400000000000002,0.092,-0.09200000000000003,0.08843584037497139,0.1000613985830481,0.011625558208076717,0.06337146829061059,0.06845554323329937,0.005084074942688782
65.837,4.5,4.52,1,1,2,Low_Rest,Rest_beat,1.0,0.0,0.0,0.0,1.0,0.0,1.0,0.0,0.0,1.0,0.0,0.0,0.0,0.0,0.0,0.0,0.4956521739130435,0.09103149347253349,0.0165677233371478,-0.07446377013538569,0.22800000000000004,0.18,-0.04800000000000004,0.09657118073254879,0.0805922344973488,-0.015978946235199992,0.06038056515741225,0.057598640691255996,-0.0027819244661562506
79.016,10.25,13.18,1,1,3,Low_Rest,Rest_beat,1.0,0.0,0.0,0.0,1.0,0.0,1.0,0.0,0.0,1.0,0.0,0.0,1.0,1.0,0.0,0.0,0.5565217391304348,0.0447344157507991,0.003089939601636972,-0.041644476149162134,0.488,0.10800000000000001,-0.38,0.12114551600169296,0.08949592160180263,-0.03164959439989033,0.06632788972871048,0.061813681738076075,-0.004514207990634407
88.256,13,9.24,1,1,4,Low_Rest,Low_onset,0.0,0.0,1.0,0.0,1.0,1.0,0.0,0.0,0.0,2.0,0.0,0.0,1.0,0.0,0.0,0.0,0.48695652173913045,0.049395582276493016,0.014763346254306267,-0.03463223602218675,0.176,0.1,-0.07599999999999998,0.08686930353994002,0.07814716060530663,-0.008722142934633387,0.06346911983432842,0.057300740549602616,-0.0061683792847258
94.808,17,6.55,1,1,5,Low_Rest,Low_onset,0.0,0.0,0.0,1.0,1.0,1.0,0.0,0.0,0.0,2.0,1.0,0.0,0.0,1.0,0.0,0.0,0.40869565217391307,0.07689141250801815,0.0732361059783994,-0.0036553065296187487,0.404,0.152,-0.252,0.07176931428926409,0.07441178988056604,0.002642475591301957,0.05377303901256849,0.061158574241299814,0.007385535228731324
111.085,25.5,16.28,1,1,6,Low_Rest,Low_onset,0.0,0.0,1.0,0.0,1.0,1.0,0.0,0.0,0.0,2.0,0.0,0.0,0.0,1.0,0.0,0.0,0.4260869565217391,0.0372161649812948,0.0302617300183285,-0.006954434962966299,0.4760000000000001,0.16399999999999998,-0.3120000000000001,0.09591194776116382,0.08187631718648161,-0.014035630574682212,0.05845129278992672,0.059973650295032266,0.0015223575051055427
114.781,27.5,3.7,1,1,7,Low_Rest,Low_onset,0.0,0.0,1.0,0.0,1.0,1.0,0.0,0.0,0.0,2.0,0.0,0.0,0.0,1.0,0.0,0.0,0.34782608695652173,0.014529822248029326,0.04111196598780126,0.026582143739771934,0.172,0.2,0.028000000000000025,0.07962274269416782,0.09479258943110039,0.015169846736932571,0.05684909885860536,0.06397904511311248,0.007129946254507115
118.515,29.5,3.73,1,1,8,Low_Rest,Low_onset,0.0,0.0,1.0,0.0,1.0,1.0,1.0,0.0,0.0,2.0,0.0,0.0,0.0,1.0,0.0,0.0,0.45217391304347826,0.027817764025234837,0.021614645751273982,-0.0062031182739608545,0.24400000000000005,0.18,-0.06400000000000006,0.1007052223592692,0.09111542660969177,-0.009589795749577426,0.0663658052356282,0.0627391042955368,-0.003626700940091404
133.152,37,14.64,1,1,9,Low_Rest,Low_onset,0.0,0.0,1.0,0.0,1.0,1.0,1.0,0.0,0.0,2.0,0.0,0.0,1.0,0.0,0.0,0.0,0.4,0.04417731573024293,0.03237322601902198,-0.011804089711220947,0.4720000000000001,0.284,-0.1880000000000001,0.07933484153197501,0.08928039774537819,0.009945556213403178,0.06300787026469143,0.06622968815353976,0.00322181788884833
138.824,40,5.67,1,1,10,Low_Rest,Low_onset,0.0,0.0,1.0,0.0,1.0,1.0,0.0,0.0,0.0,2.0,1.0,1.0,0.0,0.0,0.0,0.0,0.41739130434782606,0.05167993422532097,0.024089503244535095,-0.027590430980785872,0.44399999999999995,0.22000000000000003,-0.22399999999999992,0.09838102079120722,0.09816692213247709,-0.00021409865873013578,0.06698063302184257,0.07061217487215368,0.003631541850311115
146.165,44,7.34,1,1,11,Low_Rest,Low_onset,0.0,0.0,1.0,1.0,1.0,1.0,0.0,0.0,0.0,2.0,0.0,0.0,1.0,0.0,0.0,0.0,0.5304347826086957,0.12572617743909204,0.016452637253748105,-0.10927354018534394,0.5039999999999999,0.11199999999999999,-0.3919999999999999,0.13523878860886773,0.099660141998627,-0.03557864661024074,0.06903678600403576,0.06806320633077463,-0.0009735796732611296
149.893,46,3.73,1,1,12,Low_Rest,Low_onset,0.0,0.0,1.0,1.0,1.0,1.0,0.0,0.0,0.0,2.0,0.0,0.0,0.0,1.0,0.0,0.0,0.40869565217391307,0.024710999498411785,0.05256567275205246,0.027854673253640678,0.176,0.21600000000000003,0.040000000000000036,0.08925346920859085,0.09826527626614602,0.009011807057555166,0.06919026339111249,0.07309936184002887,0.003909098448916376
151.872,47,1.98,1,1,13,Low_Rest,Low_onset,0.0,0.0,1.0,0.0,1.0,1.0,1.0,0.0,0.0,2.0,0.0,0.0,1.0,0.0,0.0,0.0,0.5391304347826087,0.040308648478327075,0.054047194006544994,0.013738545528217919,0.388,0.21199999999999997,-0.17600000000000005,0.09701863260031501,0.09469892291442464,-0.0023197096858903754,0.07613919891569995,0.06847670331636278,-0.0076624955993371685
157.92,49.99,6.05,1,1,14,Low_Rest,Gap,0.0,1.0,0.0,0.0,1.0,1.0,1.0,0.0,0.0,1.0,1.0,1.0,0.0,0.0,0.0,0.0,0.5478260869565217,0.04790860398535046,0.04477731330065368,-0.0031312906846967803,0.276,0.08,-0.196,0.09185079557601514,0.10673665728319678,0.014885861707181647,0.0666696720842664,0.06066694302109471,-0.006002729063171688
173.952,58.25,16.03,1,1,15,Low_Rest,Rest,1.0,1.0,0.0,0.0,1.0,1.0,1.0,0.0,0.0,1.0,0.0,1.0,0.0,0.0,0.0,0.0,0.46956521739130436,0.130996732554402,0.011436996871752685,-0.11955973568264931,0.6199999999999999,0.044000000000000004,-0.5759999999999998,0.0992301867738025,0.07662875626693269,-0.022601430506869816,0.06114992440707666,0.06057723579020796,-0.0005726886168686968
176.16,59.25,2.21,1,1,16,Low_Rest,Rest,1.0,1.0,0.0,0.0,1.0,1.0,0.0,0.0,0.0,1.0,0.0,0.0,0.0,0.0,0.0,0.0,0.5739130434782609,0.11775123504888603,0.003702980673563511,-0.11404825437532252,0.048,0.18400000000000002,0.136,0.08693751839904156,0.07756564521097128,-0.00937187318807027,0.06491728932629084,0.05897470484508769,-0.0059425844812031545
178.536,60.25,2.38,1,1,17,Low_Rest,Rest,1.0,1.0,0.0,0.0,1.0,1.0,0.0,0.0,0.0,1.0,0.0,0.0,0.0,0.0,0.0,0.0,0.46956521739130436,0.011054062175734484,0.006896640372792194,-0.0041574218029422905,0.036,0.244,0.208,0.07653531377957612,0.08562271776904731,0.009087403989471193,0.060443630897874655,0.05880571178133911,-0.0016379191165355467
180.72,61.25,2.18,1,1,18,Low_Rest,Rest,1.0,1.0,0.0,0.0,1.0,1.0,0.0,0.0,0.0,1.0,0.0,0.0,0.0,0.0,0.0,0.0,0.4956521739130435,0.030690551998875874,0.004205517055633273,-0.0264850349432426,0.044,0.164,0.12000000000000001,0.08048130761910732,0.08799592020194474,0.007514612582837421,0.05767262487684373,0.05736827717244508,-0.000304347704398647
183.36,62.25,2.64,1,1,19,Low_Rest,Rest,1.0,1.0,0.0,0.0,1.0,1.0,0.0,0.0,0.0,1.0,0.0,0.0,0.0,1.0,0.0,0.0,0.5739130434782609,0.0070298280298001755,0.004687126497980783,-0.0023427015318193923,0.06400000000000002,0.036,-0.028000000000000018,0.09638468065877699,0.0918193156629817,-0.004565364995795296,0.05966726604508595,0.052994153329225135,-0.006673112715860817
193.032,66.25,9.67,1,1,20,Low_Rest,Rest,1.0,1.0,0.0,0.0,1.0,1.0,0.0,0.0,0.0,1.0,0.0,0.0,1.0,1.0,0.0,0.0,0.41739130434782606,0.050566351222699424,0.0059642718507199426,-0.04460207937197948,0.144,0.084,-0.059999999999999984,0.08206512016840277,0.09578770648286686,0.013722586314464089,0.05675283343964462,0.062009027014636245,0.005256193574991623
222.864,80.75,29.83,1,1,21,Low_Rest,Rest,1.0,1.0,0.0,0.0,1.0,1.0,0.0,0.0,0.0,1.0,0.0,1.0,0.0,1.0,0.0,0.0,0.5391304347826087,0.09660882011466274,0.006562083371013346,-0.0900467367436494,0.4760000000000001,0.004,-0.4720000000000001,0.1269804562181673,0.19935564922540086,0.07237519300723355,0.06435831670673367,0.06015362607411264,-0.004204690632621029
230.304,84.25,7.44,1,1,22,Low_Rest,Rest,1.0,1.0,0.0,0.0,1.0,1.0,1.0,0.0,0.0,1.0,0.0,1.0,0.0,1.0,0.0,0.0,0.46956521739130436,0.05545501699392089,0.004973654878239926,-0.05048136211568097,0.5359999999999999,0.08399999999999999,-0.45199999999999996,0.13590480367026395,0.10618698197539196,-0.029717821694871985,0.06347766826052671,0.06459411814776736,0.0011164498872406475
235.344,86.75,5.04,1,1,23,Low_Rest,Rest,0.0,1.0,0.0,0.0,1.0,1.0,1.0,0.0,0.0,1.0,1.0,0.0,0.0,0.0,0.0,0.0,0.4608695652173913,0.0546104525266554,0.06135078697718801,0.006740334450532612,0.356,0.068,-0.288,0.09665723531757296,0.09285078098142938,-0.003806454336143586,0.06264846195848153,0.06740042481787015,0.004751962859388614
237.696,87.5,2.35,1,1,24,Low_Rest,Rest,0.0,1.0,0.0,0.0,1.0,1.0,0.0,1.0,0.0,1.0,0.0,0.0,1.0,0.0,0.0,0.0,0.5478260869565217,0.1382256517667752,0.01850975951075127,-0.11971589225602394,0.084,0.08800000000000001,0.0040000000000000036,0.09031636149625066,0.07875945055707743,-0.011556910939173229,0.06803932984770267,0.06035284613695922,-0.007686483710743444
268.176,103.25,30.48,1,1,25,Low_Rest,Elision,1.0,1.0,0.0,0.0,1.0,1.0,0.0,0.0,0.0,1.0,0.0,1.0,0.0,0.0,0.0,0.0,0.48695652173913045,0.1108696825475934,0.006361072072288203,-0.1045086104753052,0.256,0.044,-0.21200000000000002,0.09116932044139767,0.09164873433835116,0.00047941389695349557,0.06561959562750644,0.0623006379623575,-0.0033189576651489403
281.952,109.25,13.78,1,1,26,Low_Rest,Elision,1.0,1.0,0.0,0.0,0.0,0.0,0.0,0.0,0.0,1.0,0.0,0.0,0.0,0.0,0.0,0.0,0.5478260869565217,0.05897164324250863,0.006425330550936687,-0.05254631269157194,0.22800000000000004,0.08,-0.14800000000000002,0.10629554674452432,0.08502355434124746,-0.02127199240327686,0.06571319277983564,0.05649043580092735,-0.009222756978908293
291.192,113.5,9.24,1,1,27,Low_Rest,Elision,0.0,0.0,1.0,0.0,1.0,1.0,1.0,0.0,0.0,2.0,0.0,0.0,0.0,0.0,0.0,0.0,0.3826086956521739,0.04713843522938635,0.010160490742726212,-0.03697794448666014,0.30000000000000004,0.152,-0.14800000000000005,0.07667199851433798,0.07246316140088756,-0.004208837113450423,0.05519703553621441,0.05869150083228976,0.003494465296075347
307.011,121.25,15.82,1,1,28,Low_Rest,Low_onset,0.0,0.0,0.0,1.0,1.0,1.0,0.0,0.0,0.0,2.0,1.0,1.0,0.0,1.0,0.0,0.0,0.5043478260869565,0.15959432242909524,0.03440736171454213,-0.1251869607145531,0.21200000000000002,0.064,-0.14800000000000002,0.08820335498652784,0.10575271513248174,0.0175493601459539,0.0608080867126213,0.06363683545242613,0.0028287487398048275
313.451,124.5,6.44,1,1,29,Low_Rest,Low_Onset,0.0,0.0,0.0,1.0,1.0,1.0,1.0,0.0,0.0,2.0,0.0,0.0,0.0,1.0,0.0,0.0,0.4956521739130435,0.04529380347470706,0.034600887496069925,-0.010692915978637134,0.35200000000000004,0.15999999999999998,-0.19200000000000006,0.09144224474843028,0.08418803547323302,-0.007254209275197265,0.0658252632511617,0.06472604309981538,-0.0010992201513463223
333.648,135,20.2,1,1,30,Low_Rest,Elision,0.0,0.0,0.0,1.0,1.0,1.0,1.0,0.0,0.0,2.0,0.0,1.0,1.0,1.0,0.0,0.0,0.45217391304347826,0.06600430247304175,0.027992881265906357,-0.03801142120713539,0.2880000000000001,0.34,0.051999999999999935,0.159574846326937,0.11932681486047778,-0.04024803146645922,0.06477999370399459,0.06588927736984548,0.0011092836658508909
352.44,145,18.79,1,1,31,Low_Rest,Low_Onset,0.0,0.0,0.0,1.0,1.0,1.0,0.0,0.0,0.0,2.0,0.0,0.0,1.0,1.0,0.0,0.0,0.5043478260869565,0.0839788380070401,0.0171418570060898,-0.06683698100095031,0.324,0.1,-0.224,0.10654064172670377,0.07981136901051746,-0.026729272716186317,0.07006190167842827,0.06516714353636918,-0.004894758142059086
364.186,150.99,11.75,1,1,32,Low_Rest,Low_Onset,0.0,1.0,0.0,0.0,1.0,1.0,1.0,0.0,0.0,2.0,1.0,1.0,0.0,0.0,0.0,0.0,0.591304347826087,0.055347885972401104,0.019672619758316783,-0.03567526621408432,0.33199999999999996,0.164,-0.16799999999999995,0.12377517700044474,0.09847998118191073,-0.02529519581853401,0.0744613750413707,0.06980624967863529,-0.004655125362735407
380.4,159.25,16.21,1,1,33,Low_Rest,Elision,1.0,1.0,0.0,0.0,1.0,1.0,0.0,0.0,0.0,1.0,1.0,1.0,0.0,0.0,0.0,0.0,0.46956521739130436,0.10355852002120366,0.014483641505859558,-0.08907487851534411,0.484,0.06000000000000001,-0.424,0.10397216682911005,0.13583836597549304,0.03186619914638299,0.07107090776946863,0.06639881659139223,-0.004672091178076404
382.824,160.25,2.42,1,1,34,Low_Rest,Low_Onset,1.0,1.0,0.0,0.0,1.0,1.0,0.0,0.0,0.0,1.0,0.0,0.0,0.0,0.0,0.0,0.0,0.5217391304347826,0.07881577751698252,0.0028682176012202977,-0.07594755991576221,0.012,0.34,0.328,0.1200612947553783,0.08668956253559987,-0.03337173221977843,0.067763894628258,0.06087145683204378,-0.006892437796214228
385.2,161.25,2.38,1,1,35,Low_Rest,Low_Onset,1.0,1.0,0.0,0.0,1.0,1.0,0.0,0.0,0.0,1.0,0.0,0.0,0.0,0.0,0.0,0.0,0.41739130434782606,0.019330901294841697,0.003436878347230294,-0.015894022947611403,0.032,0.148,0.11599999999999999,0.09871377559357573,0.10045231446466114,0.00173853887108541,0.061289463216001594,0.059629615010811765,-0.001659848205189829
387.384,162.25,2.18,1,1,36,Low_Rest,Low_Onset,1.0,1.0,0.0,0.0,1.0,1.0,0.0,0.0,0.0,1.0,0.0,0.0,0.0,0.0,0.0,0.0,0.4,0.031224955009185724,0.0029374245238906814,-0.028287530485295042,0.06,0.236,0.176,0.08117384006491121,0.1139251535998302,0.03275131353491899,0.058167122572573914,0.05867485640186608,0.000507733829292166
389.797,163.25,2.41,1,1,37,Low_Rest,Low_Onset,1.0,1.0,0.0,0.0,1.0,1.0,0.0,0.0,0.0,1.0,0.0,0.0,0.0,0.0,0.0,0.0,0.4956521739130435,0.01139294241691326,0.004516227785541051,-0.00687671463137221,0.044,0.0,-0.044,0.10390790628755649,0.11186718902144603,0.007959282733889544,0.05832857256994354,0.055230752164753746,-0.0030978204051897926
394.165,165.25,4.37,1,1,38,Low_Rest,Gap,0.0,0.0,1.0,0.0,1.0,1.0,1.0,0.0,0.0,2.0,0.0,1.0,0.0,0.0,0.0,0.0,0.41739130434782606,0.0072087182230465095,0.008258135123065214,0.0010494169000187046,0.22400000000000003,0.16,-0.06400000000000003,0.10485551311175526,0.08696006951562607,-0.017895443596129185,0.0566124995077086,0.06290685609356846,0.006294356585859855
419.197,178,25.03,1,1,39,Low_Rest,Low_Onset,0.0,0.0,1.0,1.0,1.0,1.0,1.0,0.0,0.0,2.0,0.0,1.0,0.0,0.0,0.0,0.0,0.5130434782608696,0.10973625348053842,0.08794227751467651,-0.02179397596586191,0.344,0.176,-0.16799999999999998,0.10711259149450725,0.12075332766812444,0.01364073617361719,0.06715633982780153,0.06124012573018286,-0.005916214097618673
427.205,181.99,8.01,1,1,40,Low_Rest,Low_Onset,0.0,1.0,0.0,0.0,1.0,1.0,1.0,0.0,0.0,1.0,1.0,1.0,0.0,1.0,0.0,0.0,0.5565217391304348,0.08833180250700132,0.02325215350725412,-0.06507964899974719,0.356,0.248,-0.10799999999999998,0.11650559091251678,0.1202576188120946,0.00375202789957782,0.06715139682298193,0.057349131232045145,-0.00980226559093679
430.68,183.5,3.48,1,1,41,Low_Rest,Rest,1.0,1.0,0.0,0.0,1.0,0.0,1.0,0.0,0.0,1.0,1.0,0.0,0.0,0.0,0.0,0.0,0.45217391304347826,0.044541839502366724,0.00402340845081922,-0.0405184310515475,0.26800000000000007,0.17200000000000001,-0.09600000000000006,0.08840459456075368,0.09516666340953557,0.006762068848781888,0.06019013396004754,0.062246996897566576,0.002056862937519034
435.922,185.67,5.24,1,1,42,Low_Rest,Rest,0.0,1.0,0.0,0.0,1.0,1.0,1.0,0.0,0.0,1.0,1.0,1.0,0.0,0.0,0.0,0.0,0.5043478260869565,0.1725441250344869,0.012007756653792919,-0.160536368380694,0.33199999999999996,0.052000000000000005,-0.27999999999999997,0.10026224223331351,0.09681668550398777,-0.003445556729325741,0.06373185429400252,0.060689860008840676,-0.0030419942851618448
453.413,191.68,17.49,1,1,43,Low_Rest,Rest,0.0,1.0,1.0,0.0,1.0,1.0,0.0,1.0,1.0,1.0,0.0,1.0,0.0,0.0,0.0,0.0,0.46956521739130436,0.0560571582511364,0.02124919324550212,-0.03480796500563428,0.12400000000000003,0.296,0.17199999999999996,0.09003411086274929,0.08860301370723361,-0.001431097155515676,0.06363738158741858,0.05712856774207866,-0.006508813845339918
457.632,193.25,4.22,1,1,44,Low_Rest,Rest,1.0,1.0,0.0,0.0,1.0,0.0,1.0,0.0,1.0,1.0,0.0,0.0,1.0,0.0,0.0,0.0,0.5478260869565217,0.030364004473566415,0.002839939251381604,-0.027524065222184813,0.43600000000000005,0.0,-0.43600000000000005,0.1020490528617849,0.10086410359955207,-0.0011849492622328234,0.05907589209939866,0.05597821460440502,-0.0030976774949936434
487.98,22.33,30.35,1,2,45,Low_Rest,0,0.0,0.0,1.0,1.0,1.0,0.0,0.0,0.0,0.0,2.0,0.0,0.0,1.0,0.0,0.0,0.0,0.591304347826087,0.19037335747807246,0.034039638254939816,-0.15633371922313266,0.32399999999999995,0.044000000000000004,-0.27999999999999997,0.12146147648198932,0.10493773133506148,-0.016523745146927837,0.07537139168555278,0.06518996664956139,-0.010181425035991384
496.35,38.00,8.36,1,2,46,Low_Rest,0,0.0,0.0,1.0,1.0,1.0,0.0,0.0,0.0,0.0,2.0,0.0,0.0,1.0,0.0,0.0,0.0,0.5130434782608696,0.19728158249275635,0.04667423998623146,-0.15060734250652488,0.304,0.032,-0.272,0.13935655738623,0.09688319482615836,-0.042473362560071656,0.06913892426257928,0.06740450604581417,-0.0017344182167651073
514.55,22.33,18.2,1,2,47,Low_Rest,0,0.0,0.0,1.0,0.0,0.0,1.0,0.0,0.0,0.0,2.0,0.0,0.0,1.0,1.0,0.0,0.0,0.5130434782608696,0.2235973199541402,0.02892364573909728,-0.19467367421504292,0.23600000000000004,0.016,-0.22000000000000003,0.10117877191185314,0.10469005939118489,0.0035112874793317567,0.06991280219268425,0.06590872032569409,-0.004004081866990167
523.0,38.00,8.45,1,2,48,Low_Rest,0,0.0,0.0,0.0,1.0,0.0,0.0,0.0,0.0,0.0,2.0,0.0,0.0,1.0,0.0,0.0,0.0,0.5217391304347826,0.19252280919562417,0.0447435742969164,-0.14777923489870776,0.2763636363636363,0.08000000000000002,-0.1963636363636363,0.10062267535818294,0.09904137406602426,-0.0015813012921586794,0.07337146868296199,0.06756364281773213,-0.0058078258652298625
599.73,187.00,76.73,1,2,49,Low_Rest,0,0.0,0.0,0.0,1.0,0.0,0.0,0.0,0.0,0.0,2.0,0.0,0.0,1.0,0.0,0.0,0.0,0.5478260869565217,0.0582960682382064,0.03125130324309397,-0.02704476499511243,0.304,0.356,0.05199999999999999,0.09732574539823657,0.09098911580564084,-0.006336629592595733,0.06354738223962259,0.06323942452966785,-0.0003079577099547315
618.76,222.33,19.03,1,2,50,Low_Rest,0,0.0,0.0,1.0,1.0,1.0,0.0,0.0,0.0,0.0,2.0,0.0,0.0,1.0,0.0,0.0,0.0,0.5652173913043478,0.2189675400185172,0.028889862242622032,-0.19007767777589518,0.096,0.128,0.032,0.0990715167557484,0.08654002351966977,-0.012531493236078634,0.07269195284661388,0.061847321303134216,-0.010844631543479664
627.25,238.00,8.49,1,2,51,Low_Rest,0,0.0,0.0,1.0,1.0,1.0,0.0,0.0,0.0,0.0,2.0,0.0,0.0,1.0,0.0,0.0,0.0,0.5130434782608696,0.16025501260914615,0.040233119999763624,-0.12002189260938254,0.33599999999999997,0.024,-0.31199999999999994,0.11941555515954119,0.0844759412428315,-0.03493961391670969,0.07006389502659319,0.06832308479284621,-0.0017408102337469755
645.53,222.33,18.28,1,2,52,Low_Rest,0,0.0,0.0,1.0,1.0,1.0,0.0,0.0,0.0,0.0,2.0,0.0,0.0,1.0,0.0,0.0,0.0,0.5652173913043478,0.21605219497526748,0.027182287256208602,-0.18886990771905887,0.176,0.012,-0.16399999999999998,0.10271756956285467,0.10255073029418697,-0.00016683926866770116,0.07032099698137383,0.06362309840128999,-0.006697898580083836
654.12,238.00,8.59,1,2,53,Low_Rest,0,0.0,0.0,1.0,1.0,1.0,0.0,0.0,0.0,0.0,2.0,0.0,0.0,1.0,0.0,0.0,0.0,0.4434782608695652,0.17307771983790085,0.038713304511049734,-0.13436441532685112,0.312,0.02,-0.292,0.10459202318599467,0.0841063575226572,-0.02048566566333747,0.06360581788236427,0.06584554909525094,0.0022397312128866614
669.68,268.00,15.56,1,2,54,Low_Rest,0,0.0,0.0,1.0,1.0,1.0,0.0,0.0,0.0,0.0,2.0,0.0,0.0,1.0,0.0,0.0,0.0,0.45217391304347826,0.060232842650646545,0.02742766300409962,-0.032805179646546924,0.26400000000000007,0.10399999999999998,-0.1600000000000001,0.13399003043855662,0.12019847997570106,-0.013791550462855559,0.07236597447441873,0.06315545393737663,-0.009210520537042091
672.59,272.33,2.92,1,2,55,Low_Rest,0,1.0,1.0,0.0,0.0,1.0,0.0,0.0,0.0,0.0,1.0,0.0,1.0,0.0,0.0,0.0,0.0,0.5130434782608696,0.028413074503492952,0.005773661252272098,-0.022639413251220854,0.11200000000000002,0.0,-0.11200000000000002,0.12010565464329795,0.10779632983606997,-0.012309324807227975,0.06234837896865031,0.06761825434895893,0.005269875380308625
715.68,2.99,43.09,1,3,56,Low_Rest,0,0.0,1.0,0.0,0.0,0.0,0.0,1.0,0.0,0.0,1.0,1.0,0.0,0.0,0.0,0.0,0.0,0.4782608695652174,0.018464573752190357,0.016411580252774626,-0.0020529934994157305,0.172,0.048,-0.12399999999999999,0.07884885096123669,0.07372760929875695,-0.005121241662479736,0.060161691799346405,0.05683131784462655,-0.0033303739547198563
787.01,12.83,71.33,1,3,57,Low_Rest,0,0.0,0.0,1.0,1.0,0.0,0.0,1.0,0.0,0.0,2.0,0.0,0.0,1.0,0.0,0.0,0.0,0.45217391304347826,0.017741118745379873,0.015014942502721168,-0.002726176242658704,0.264,0.25600000000000006,-0.007999999999999952,0.08396680622715888,0.07657680700020007,-0.007389999226958807,0.0547638685389065,0.05775169570035452,0.00298782716144802
818.98,17.33,31.97,1,3,58,Low_Rest,0,0.0,0.0,1.0,1.0,1.0,1.0,1.0,0.0,0.0,2.0,0.0,0.0,1.0,0.0,0.0,0.0,0.4956521739130435,0.05371997274103246,0.010911013245823218,-0.04280895949520924,0.3,0.036,-0.264,0.07783326462638576,0.07869944429106451,0.0008661796646787512,0.05518471632174291,0.05157930661024168,-0.00360540971150123
826.07,18.33,7.09,1,3,59,Low_Rest,0,0.0,0.0,1.0,0.0,1.0,0.0,1.0,0.0,0.0,2.0,0.0,0.0,1.0,1.0,0.0,0.0,0.43478260869565216,0.05568481551699147,0.009824879999410363,-0.04585993551758111,0.2,0.028000000000000004,-0.17200000000000001,0.07797015701738817,0.08117649330154783,0.003206336284159658,0.053228185014598486,0.05882125105732883,0.005593066042730341
836.83,19.83,10.76,1,3,60,Low_Rest,0,0.0,0.0,1.0,0.0,1.0,0.0,1.0,0.0,0.0,2.0,0.0,0.0,1.0,1.0,0.0,0.0,0.46956521739130436,0.01307910925293657,0.011695212508455673,-0.0013838967444808961,0.12799999999999997,0.188,0.060000000000000026,0.15817378724832643,0.08260650996545492,-0.0755672772828715,0.05627776245992831,0.056643601718670486,0.00036583925874217327
844.11,20.83,7.27,1,3,61,Low_Rest,0,0.0,0.0,1.0,0.0,0.0,1.0,1.0,0.0,0.0,1.0,0.0,0.0,1.0,1.0,0.0,0.0,0.3739130434782609,0.03591803849489144,0.011393150496543106,-0.024524887998348333,0.368,0.06,-0.308,0.08643792514297118,0.08388299528283975,-0.002554929860131422,0.05397639494190289,0.06327341710798233,0.009297022166079437
852.96,22.00,8.85,1,3,62,Low_Rest,0,0.0,0.0,1.0,1.0,1.0,1.0,1.0,0.0,0.0,1.0,0.0,0.0,1.0,0.0,0.0,0.0,0.4956521739130435,0.029202876492226228,0.004246747499481085,-0.024956128992745144,0.12400000000000003,0.04,-0.08400000000000002,0.07462237928915104,0.07215164152129956,-0.0024707377678514775,0.058561765389023746,0.055203922303769415,-0.0033578430852543306
862.15,22.99,9.19,1,3,63,Low_Rest,0,0.0,1.0,0.0,0.0,1.0,0.0,1.0,0.0,0.0,1.0,0.0,0.0,1.0,0.0,0.0,0.0,0.46956521739130436,0.018301625751134542,0.006830769750987756,-0.011470856000146787,0.008,0.06799999999999999,0.05999999999999999,0.06814582286033581,0.07475695518946643,0.006611132329130617,0.054897377659968896,0.0522702394241342,-0.002627138235834693
882.1,24.99,19.95,1,3,64,Low_Rest,0,0.0,1.0,0.0,0.0,0.0,0.0,1.0,0.0,0.0,1.0,0.0,0.0,0.0,0.0,0.0,0.0,0.40869565217391307,0.008997443338342872,0.007382720205233211,-0.0016147231331096606,0.1272727272727273,0.09090909090909091,-0.036363636363636376,0.06195614885844838,0.06807026509099878,0.006114116232550405,0.04829752869474953,0.0528880911236326,0.004590562428883074
887.9,NewPoint,5.8,1,3,65,Low_Rest,0,1.0,1.0,0.0,0.0,0.0,0.0,1.0,0.0,0.0,2.0,0.0,0.0,1.0,0.0,0.0,0.0,0.5130434782608696,0.003249548749297286,0.017538352252275072,0.014288803502977787,0.07600000000000001,0.02,-0.05600000000000001,0.062413787008773244,0.05971351955159777,-0.0027002674571754773,0.050320192566193106,0.05060252157470321,0.0002823290085101071
908.39,NewPoint,20.49,1,3,66,Low_Rest,0,1.0,1.0,0.0,0.0,0.0,0.0,1.0,0.0,0.0,1.0,0.0,0.0,0.0,0.0,0.0,0.0,0.4434782608695652,0.04605326623361831,0.009028845741715856,-0.03702442049190245,0.048,0.12000000000000002,0.07200000000000002,0.06693635185183883,0.06447532763638655,-0.0024610242154522732,0.049906746158216365,0.05190752344316246,0.0020007772849460967
917.7,NewPoint,9.31,1,3,67,Low_Rest,0,1.0,1.0,0.0,0.0,0.0,0.0,1.0,0.0,0.0,1.0,0.0,0.0,0.0,0.0,0.0,0.0,0.4608695652173913,0.043489567050454106,0.007236590227298801,-0.03625297682315531,0.24000000000000005,0.08,-0.16000000000000003,0.07777992987089938,0.07864236942710623,0.000862439556206851,0.052686481840582715,0.05321691592584092,0.0005304340852582065
926.02,29.83,8.32,1,3,68,Low_Rest,0,1.0,1.0,0.0,0.0,0.0,0.0,1.0,0.0,0.0,1.0,0.0,0.0,1.0,0.0,0.0,0.0,0.4782608695652174,0.0690861025054074,0.006226271049074144,-0.06285983145633327,0.20800000000000005,0.084,-0.12400000000000004,0.07092967945428315,0.06799462846205397,-0.0029350509922291823,0.04979132168472357,0.05174751853962647,0.001956196854902899
933.4,NewPoint,7.38,1,3,69,Low_Rest,0,1.0,1.0,0.0,0.0,1.0,0.0,0.0,0.0,0.0,1.0,0.0,0.0,1.0,0.0,0.0,0.0,0.591304347826087,0.0037177980958370965,0.003395585542955066,-0.00032221255288203063,0.06,0.044,-0.016,0.06814094135051628,0.06628118581341255,-0.0018597555371037272,0.05711099396465617,0.0459785646515662,-0.01113242931308997
940.4,NewPoint,7.0,1,3,70,Low_Rest,0,1.0,1.0,0.0,0.0,0.0,0.0,0.0,0.0,0.0,1.0,0.0,0.0,0.0,0.0,0.0,0.0,0.5130434782608696,0.020291404063188072,0.0031169792769323175,-0.017174424786255756,0.036,0.1,0.064,0.113742790456896,0.07726201937239476,-0.03648077108450125,0.05360202302144659,0.051086471022877375,-0.002515551998569218
943.65,NewPoint,3.25,1,3,71,Low_Rest,0,1.0,1.0,0.0,0.0,1.0,0.0,0.0,0.0,0.0,1.0,0.0,0.0,0.0,0.0,0.0,0.0,0.4,0.002633179028183789,0.0023688416714750813,-0.0002643373567087076,0.148,0.07200000000000001,-0.07599999999999998,0.06876999691785154,0.06710146112015278,-0.001668535797698767,0.04938083999614589,0.05096926689414181,0.0015884268979959176
953.08,32.50,9.43,1,3,72,Low_Rest,0,1.0,1.0,0.0,0.0,1.0,0.0,1.0,0.0,0.0,1.0,0.0,0.0,1.0,0.0,0.0,0.0,0.4956521739130435,0.005569113041592116,0.0032106959432033704,-0.0023584170983887453,0.0,0.0,0.0,0.09644996608112946,0.08410871450065213,-0.01234125158047733,0.05728849924790926,0.05482166052196984,-0.0024668387259394256
988.86,36.83,35.78,1,3,73,Low_Rest,0,0.0,0.0,1.0,1.0,1.0,0.0,1.0,0.0,0.0,2.0,0.0,0.0,1.0,0.0,0.0,0.0,0.5391304347826087,0.11293093179513343,0.04485527424668102,-0.0680756575484524,0.10800000000000001,0.048,-0.06000000000000001,0.07417001630822435,0.07056916401839994,-0.003600852289824416,0.05890341932435987,0.052346766425461745,-0.006556652898898126
1036.56,42.91,47.7,1,3,74,Low_Rest,0,0.0,0.0,1.0,1.0,1.0,0.0,1.0,0.0,0.0,2.0,0.0,0.0,1.0,0.0,0.0,0.0,0.4956521739130435,0.036142794753714055,0.01027431724782531,-0.025868477505888745,0.136,0.148,0.011999999999999983,0.12688262557043323,0.0765243912991508,-0.05035823427128243,0.052908462042073404,0.05057545896974529,-0.002333003072328116
1115.84,52.00,79.28,1,3,75,Low_Rest,0,0.0,0.0,1.0,1.0,1.0,1.0,1.0,0.0,0.0,1.0,0.0,0.0,1.0,0.0,0.0,0.0,0.591304347826087,0.08807509498664332,0.0234091249862027,-0.06466597000044061,0.13200000000000003,0.11200000000000002,-0.020000000000000018,0.07785077315785809,0.06928656984036381,-0.008564203317494273,0.06320094398093731,0.052604763331602314,-0.010596180649335
1121.25,52.50,5.41,1,3,76,Low_Rest,0,0.0,1.0,1.0,0.0,1.0,0.0,1.0,0.0,0.0,1.0,0.0,0.0,1.0,0.0,0.0,0.0,0.5478260869565217,0.03903400895893015,0.013051010989358977,-0.025982997969571174,0.21600000000000003,0.096,-0.12000000000000002,0.07116983359684693,0.0696878171348754,-0.0014820164619715331,0.05715657766564762,0.05135192573494046,-0.005804651930707158
1131.46,53.50,10.21,1,3,77,Low_Rest,0,0.0,1.0,1.0,0.0,1.0,0.0,1.0,0.0,0.0,1.0,0.0,0.0,1.0,0.0,0.0,0.0,0.4956521739130435,0.02644334574674658,0.010440777767347675,-0.016002567979398905,0.192,0.072,-0.12000000000000001,0.07328463049706023,0.07080870344097567,-0.0024759270560845564,0.05706827170226544,0.05757469193461214,0.0005064202323467049
1136.96,54.00,5.5,1,3,78,Low_Rest,0,0.0,0.0,1.0,0.0,1.0,0.0,1.0,0.0,0.0,1.0,0.0,0.0,1.0,0.0,0.0,0.0,0.5826086956521739,0.020110345746536158,0.009958569759278904,-0.010151775987257253,0.20800000000000002,0.024,-0.18400000000000002,0.07577862430452123,0.06604353152403196,-0.009735092780489271,0.059909674293916734,0.05554433511357036,-0.004365339180346373
1147.36,54.67,10.4,1,3,79,Low_Rest,0,0.0,0.0,1.0,0.0,1.0,0.0,0.0,1.0,0.0,1.0,0.0,0.0,1.0,0.0,0.0,0.0,0.5304347826086957,0.010628161249102718,0.00748280025053501,-0.0031453609985677084,0.12400000000000003,0.0,-0.12400000000000003,0.07913903329007085,0.07444281446173874,-0.004696218828332113,0.06076276388846676,0.057081540252637786,-0.003681223635828977
1152.88,55.00,5.52,1,3,80,Low_Rest,0,1.0,1.0,0.0,0.0,1.0,0.0,0.0,1.0,0.0,1.0,0.0,0.0,1.0,0.0,0.0,0.0,0.4956521739130435,0.007159005757441486,0.004399413926294571,-0.002759591831146915,0.0,0.0,0.0,0.07132052883135845,0.0691257437903497,-0.0021947850410087427,0.05629559931021958,0.0519680205066026,-0.004327578803616984
1175.25,-4.33,22.37,1,4,81,Low_Rest,0,1.0,0.0,1.0,0.0,1.0,0.0,1.0,0.0,0.0,1.0,0.0,0.0,0.0,1.0,0.0,0.0,0.4956521739130435,0.03652274200059996,0.007168547002641491,-0.02935419499795847,0.088,0.039999999999999994,-0.048,0.11386037122857118,0.11380297739552755,-5.7393833043623e-05,0.0725153038912712,0.06705452369861968,-0.005460780192651518
1188.21,1.67,12.95,1,4,82,Low_Rest,0,0.0,0.0,1.0,0.0,1.0,0.0,1.0,0.0,0.0,2.0,1.0,0.0,0.0,1.0,0.0,0.0,0.48695652173913045,0.02932070401482465,0.006064479525399191,-0.02325622448942546,0.17600000000000002,0.0,-0.17600000000000002,0.09511142054826023,0.1157870857650926,0.020675665216832367,0.0649876506839839,0.06131919312274925,-0.003668457561234656
1198.53,5.33,10.33,1,4,83,Low_Rest,0,1.0,1.0,0.0,0.0,1.0,0.0,0.0,0.0,0.0,1.0,0.0,0.0,0.0,0.0,0.0,0.0,0.5304347826086957,0.2058739475206454,0.005294333902994025,-0.20057961361765136,0.2960000000000001,0.0,-0.2960000000000001,0.07290472930537846,0.07183248293123792,-0.001072246374140537,0.057512323493709515,0.058486058927653885,0.0009737354339443699
1204.21,6.33,5.68,1,4,84,Low_Rest,0,1.0,1.0,0.0,0.0,1.0,0.0,0.0,0.0,0.0,1.0,0.0,0.0,0.0,0.0,0.0,0.0,0.5217391304347826,0.007825265003759546,0.018993633570427455,0.011168368566667908,0.368,0.0,-0.368,0.06623601753413019,0.0688408910992766,0.0026048735651464094,0.05165563812080402,0.05301000110157804,0.0013543629807740154
1213.31,NewPoint,9.09,1,4,85,Low_Rest,0,0.0,0.0,1.0,0.0,1.0,0.0,0.0,0.0,0.0,2.0,0.0,0.0,0.0,1.0,1.0,0.0,0.5478260869565217,0.1140791349318125,0.056000754989903014,-0.05807837994190949,0.41200000000000003,0.11200000000000002,-0.30000000000000004,0.0785985674489514,0.06848520754613015,-0.01011335990282125,0.05764332452030561,0.05346512382209838,-0.004178200698207228
1220.16,NewPoint,6.85,1,4,86,Low_Rest,0,0.0,0.0,1.0,0.0,1.0,0.0,0.0,0.0,0.0,2.0,0.0,0.0,0.0,1.0,1.0,0.0,0.5130434782608696,0.08741492820607502,0.15349799752409524,0.06608306931802022,0.304,0.0,-0.304,0.07969084060459411,0.07294154505329786,-0.006749295551296247,0.061863224736297726,0.05635437410118305,-0.005508850635114679
1226.69,NewPoint,6.53,1,4,87,Low_Rest,0,0.0,0.0,1.0,0.0,1.0,0.0,0.0,0.0,0.0,2.0,0.0,0.0,0.0,1.0,1.0,0.0,0.3565217391304348,0.20829241747453944,0.056979818799892355,-0.15131259867464708,0.24,0.032,-0.208,0.07058722841817504,0.09089771779151849,0.020310489373343454,0.05674176865681163,0.06310027796057076,0.006358509303759127
1233.23,NewPoint,6.53,1,4,88,Low_Rest,0,1.0,1.0,0.0,0.0,1.0,0.0,0.0,0.0,0.0,1.0,0.0,0.0,0.0,0.0,0.0,0.0,0.5652173913043478,0.07914888499785101,0.0039557462562059675,-0.07519313874164504,0.17600000000000002,0.0,-0.17600000000000002,0.08556302680294298,0.07303208710325124,-0.01253093969969174,0.06124505277349106,0.05915248859944945,-0.0020925641740416057
1240.21,NewPoint,6.99,1,4,89,Low_Rest,0,1.0,1.0,0.0,0.0,1.0,0.0,0.0,0.0,0.0,1.0,0.0,0.0,1.0,0.0,0.0,0.0,0.4956521739130435,0.018153301245693282,0.003836031029706425,-0.014317270215986857,0.22800000000000004,0.0,-0.22800000000000004,0.08379001165663622,0.06740905848836674,-0.01638095316826947,0.05733491947875878,0.053172839671350815,-0.004162079807407966
1247.05,NewPoint,6.83,1,4,90,Low_Rest,0,1.0,1.0,0.0,0.0,1.0,0.0,0.0,0.0,0.0,1.0,0.0,0.0,1.0,0.0,0.0,0.0,0.48695652173913045,0.014734392250363455,0.00556360173190539,-0.009170790518458065,0.064,0.0,-0.064,0.07371297598019602,0.07036157087220474,-0.0033514051079912843,0.0552959900500619,0.05432702143810627,-0.0009689686119556326
1253.62,NewPoint,6.57,1,4,91,Low_Rest,0,1.0,1.0,0.0,0.0,1.0,0.0,1.0,0.0,1.0,1.0,0.0,0.0,1.0,0.0,0.0,0.0,0.4260869565217391,0.0025218914760366416,0.0029374609271961448,0.00041556945115950317,0.0,0.0,0.0,0.07463598284519571,0.07279045130512726,-0.0018455315400684458,0.05310576218138598,0.05373763121708588,0.0006318690356998946
1281.36,NewPoint,27.74,1,4,92,Low_Rest,0,1.0,1.0,0.0,0.0,1.0,0.0,0.0,0.0,0.0,1.0,0.0,0.0,0.0,0.0,0.0,0.0,0.5478260869565217,0.10274337744152746,0.00861835204629412,-0.09412502539523335,0.24400000000000005,0.11199999999999999,-0.13200000000000006,0.09473691585878763,0.07107282539640278,-0.02366409046238485,0.06855612505559265,0.0589613689159012,-0.009594756139691449
1288.59,NewPoint,7.23,1,4,93,Low_Rest,0,0.0,0.0,1.0,0.0,0.0,1.0,0.0,0.0,0.0,2.0,0.0,0.0,1.0,1.0,0.0,0.0,0.4,0.04840073679313706,0.061895542242386956,0.013494805449249893,0.496,0.22400000000000003,-0.27199999999999996,0.09689394639770373,0.0943038528209143,-0.0025900935767894234,0.06996012470577474,0.07178031519718378,0.0018201904914090378
1310.8,NewPoint,22.21,1,4,94,Low_Rest,0,1.0,0.0,1.0,0.0,0.0,1.0,1.0,0.0,0.0,2.0,0.0,0.0,1.0,0.0,0.0,0.0,0.4956521739130435,0.09551405250334553,0.060131080774347125,-0.03538297172899841,0.5680000000000001,0.05600000000000001,-0.512,0.09361110002791505,0.08117752495172093,-0.012433575076194123,0.06791748817641718,0.0648689889363852,-0.0030484992400319905
1312.13,NewPoint,1.33,1,4,95,Low_Rest,0,0.0,1.0,0.0,0.0,1.0,0.0,1.0,0.0,0.0,1.0,0.0,0.0,1.0,0.0,0.0,0.0,0.591304347826087,0.18338768997770233,0.043404303163370836,-0.13998338681433148,0.392,0.5959999999999999,0.20399999999999985,0.09528344663552059,0.07513097171671587,-0.020152474918804716,0.06638107950253057,0.06197915460630434,-0.004401924896226227
1338.37,NewPoint,26.24,1,4,96,Low_Rest,0,1.0,1.0,0.0,0.0,1.0,0.0,0.0,0.0,0.0,1.0,0.0,0.0,0.0,0.0,0.0,0.0,0.6086956521739131,0.13507872487268235,0.007695507629111283,-0.12738321724357107,0.24000000000000005,0.136,-0.10400000000000004,0.09653155421637732,0.07913856486235822,-0.017392989354019103,0.06902695654294261,0.05934308835885664,-0.009683868184085967
1346.03,NewPoint,7.65,1,4,97,Low_Rest,0,0.0,0.0,1.0,1.0,0.0,1.0,0.0,0.0,0.0,2.0,0.0,0.0,1.0,1.0,0.0,0.0,0.5130434782608696,0.048862105284989465,0.06929057690406563,0.02042847161907617,0.5439999999999999,0.26400000000000007,-0.27999999999999986,0.09765227818940744,0.10238295865697186,0.004730680467564419,0.06722729223806352,0.06378552990951264,-0.003441762328550882
1369.57,NewPoint,23.55,1,4,98,Low_Rest,0,0.0,0.0,1.0,0.0,1.0,1.0,1.0,0.0,0.0,2.0,0.0,0.0,1.0,1.0,0.0,0.0,0.6173913043478261,0.14073784513627258,0.025258383006122792,-0.11547946213014978,0.37200000000000005,0.356,-0.01600000000000007,0.10887011442662105,0.07043756841066968,-0.03843254601595136,0.06847394463570992,0.05606997159312889,-0.012403973042581035
1373.34,NewPoint,3.77,1,4,99,Low_Rest,0,1.0,1.0,0.0,0.0,1.0,0.0,0.0,0.0,0.0,1.0,1.0,0.0,0.0,0.0,0.0,0.0,0.4782608695652174,0.0972928264083732,0.06641850608358287,-0.03087432032479033,0.43200000000000005,0.40800000000000003,-0.02400000000000002,0.08364636960147886,0.11944164046996,0.03579527086848114,0.05748297148633609,0.06071675579099297,0.0032337843046568795
1375.36,NewPoint,2.02,1,4,100,Low_Rest,0,1.0,1.0,0.0,0.0,1.0,0.0,0.0,0.0,0.0,1.0,1.0,0.0,0.0,0.0,0.0,0.0,0.4782608695652174,0.16709457749077455,0.025656827999614655,-0.1414377494911599,0.312,0.068,-0.244,0.09789987661508225,0.08747101382333301,-0.010428862791749233,0.06125001951014127,0.06263282563422104,0.0013828061240797676
1461.38,NewPoint,86.02,1,4,101,Low_Rest,0,0.0,0.0,1.0,0.0,1.0,0.0,0.0,0.0,0.0,2.0,0.0,0.0,1.0,0.0,0.0,0.0,0.5304347826086957,0.12984423009945795,0.050826158054427986,-0.07901807204502996,0.4600000000000001,0.16,-0.30000000000000004,0.08576843043683888,0.08300397574635074,-0.0027644546904881384,0.06580556751605522,0.0639888356899376,-0.0018167318261176207
1467.31,NewPoint,5.94,1,4,102,Low_Rest,0,1.0,1.0,0.0,0.0,0.0,0.0,0.0,0.0,0.0,1.0,0.0,0.0,0.0,0.0,0.0,0.0,0.4,0.15041151506417536,0.03959043898182395,-0.11082107608235141,0.43600000000000005,0.45199999999999996,0.015999999999999903,0.08953399065609097,0.08727563082741321,-0.002258359828677753,0.06131272026128811,0.06594784844412434,0.004635128182836228
1472.09,NewPoint,4.78,1,4,103,Low_Rest,0,1.0,1.0,0.0,0.0,0.0,0.0,0.0,0.0,0.0,1.0,0.0,0.0,0.0,0.0,0.0,0.0,0.4956521739130435,0.14496417490574215,0.02811925669993225,-0.1168449182058099,0.4720000000000001,0.248,-0.2240000000000001,0.08462373540234411,0.08183857736153777,-0.0027851580408063403,0.0647647627552064,0.06479767018384078,3.290742863437668e-05
1477.09,NewPoint,5.0,1,4,104,Low_Rest,0,1.0,1.0,0.0,0.0,0.0,0.0,0.0,0.0,0.0,1.0,0.0,0.0,0.0,0.0,0.0,0.0,0.5130434782608696,0.12635788257815672,0.004317906753876688,-0.12203997582428003,0.42400000000000004,0.17200000000000001,-0.252,0.0905370949356863,0.08458486688362145,-0.005952228052064856,0.06545194187018388,0.05933610488088006,-0.006115836989303826
1482.43,NewPoint,5.33,1,4,105,Low_Rest,0,0.0,0.0,1.0,0.0,1.0,0.0,0.0,0.0,0.0,2.0,0.0,0.0,1.0,0.0,0.0,0.0,0.46956521739130436,0.056870547709223694,0.02766556100585179,-0.029204986703371905,0.4880000000000001,0.13599999999999998,-0.3520000000000001,0.07702387961934189,0.07984413763878137,0.002820258019439484,0.05998539952696443,0.05949316784320859,-0.0004922316837558394
1524.61,NewPoint,42.19,1,4,106,Low_Rest,0,1.0,1.0,0.0,0.0,1.0,0.0,1.0,0.0,0.0,1.0,0.0,0.0,0.0,0.0,0.0,0.0,0.6173913043478261,0.0885546972556681,0.00414201012733355,-0.08441268712833455,0.17600000000000002,0.148,-0.028000000000000025,0.11040462386050824,0.09077713139094154,-0.0196274924695667,0.08466443836810382,0.06575659977857859,-0.01890783858952523
1539.47,NewPoint,14.85,1,4,107,Low_Rest,0,0.0,0.0,1.0,1.0,1.0,1.0,1.0,0.0,0.0,2.0,0.0,1.0,0.0,1.0,0.0,0.0,0.5043478260869565,0.049345426724659566,0.022956649735724543,-0.026388776988935023,0.27999999999999997,0.22400000000000003,-0.05599999999999994,0.09704064923915126,0.09456575260708931,-0.0024748966320619487,0.07471004433193282,0.06847969378328125,-0.006230350548651564
1561.95,NewPoint,22.48,1,4,108,Low_Rest,0,0.0,0.0,1.0,0.0,0.0,1.0,1.0,0.0,0.0,2.0,0.0,0.0,1.0,1.0,0.0,0.0,0.5043478260869565,0.10648440494736977,0.019904993002960746,-0.08657941194440902,0.4959999999999999,0.128,-0.3679999999999999,0.08910410129069793,0.08215251721441343,-0.006951584076284503,0.06568731505770062,0.06459187096549286,-0.0010954440922077563
1565.31,NewPoint,3.37,1,4,109,Low_Rest,0,0.0,1.0,0.0,0.0,1.0,0.0,1.0,0.0,0.0,1.0,0.0,0.0,1.0,0.0,0.0,0.0,0.48695652173913045,0.029660364995750366,0.007820286526000562,-0.021840078469749804,0.13200000000000003,0.0,-0.13200000000000003,0.0831509990519809,0.08258153891043848,-0.0005694601415424105,0.06740786940769875,0.06252164260516106,-0.004886226802537683
1572.11,NewPoint,6.79,1,4,110,Low_Rest,0,0.0,1.0,0.0,0.0,1.0,0.0,1.0,0.0,0.0,1.0,0.0,0.0,1.0,0.0,0.0,0.0,0.4608695652173913,0.074445145057352,0.008064722624496416,-0.06638042243285558,0.17600000000000002,0.0,-0.17600000000000002,0.07555443999384269,0.09046158383955388,0.014907143845711193,0.058963706662685356,0.058656813372286995,-0.00030689329039836066
1583.58,NewPoint,11.47,1,4,111,Low_Rest,0,1.0,1.0,0.0,0.0,1.0,0.0,1.0,0.0,1.0,1.0,0.0,0.0,1.0,0.0,0.0,0.0,0.591304347826087,0.009061024001406067,0.0026764836715023376,-0.0063845403299037295,0.13599999999999998,0.0,-0.13599999999999998,0.06926362056934694,0.07369950012184161,0.004435879552494665,0.0549582981237567,0.04960905662210578,-0.00534924150165092
1608.51,NewPoint,24.93,1,4,112,Low_Rest,0,1.0,1.0,0.0,0.0,1.0,0.0,1.0,0.0,1.0,1.0,1.0,0.0,0.0,0.0,0.0,0.0,0.3739130434782609,0.1288234148653063,0.0065342675967180516,-0.12228914726858825,0.6639999999999999,0.0,-0.6639999999999999,0.12275715631935014,0.11749893726324472,-0.00525821905610542,0.07116967840459276,0.07451743847872463,0.0033477600741318725
2061.36,NewPoint,452.85,2,1,113,Low_Rest,Low_Rest,1.0,1.0,0.0,0.0,1.0,0.0,1.0,0.0,0.0,1.0,0.0,0.0,1.0,0.0,0.0,0.0,0.4434782608695652,0.027854245251183414,0.009345583754589572,-0.01850866149659384,0.096,0.0,-0.096,0.23591262472950328,0.17112171333159448,-0.0647909113979088,0.08138513935967187,0.07673813873245383,-0.00464700062721804
2069.71,NewPoint,8.35,2,1,114,Low_Rest,Low_Rest,1.0,1.0,0.0,0.0,1.0,0.0,1.0,0.0,0.0,1.0,0.0,0.0,1.0,0.0,0.0,0.0,0.40869565217391307,0.036322130255186054,0.0049037041979826754,-0.03141842605720338,0.16,0.0,-0.16,0.17059924989321593,0.11185094632930745,-0.05874830356390848,0.06844366072296876,0.06466555702817725,-0.003778103694791507
2086.53,NewPoint,16.83,2,1,115,Low_Rest,Low_Rest,1.0,1.0,0.0,0.0,1.0,0.0,0.0,0.0,0.0,1.0,1.0,0.0,0.0,0.0,0.0,0.0,0.5565217391304348,0.054825462493116914,0.005588009578824604,-0.04923745291429231,0.33999999999999997,0.0,-0.33999999999999997,0.12430671898503372,0.08650147740653129,-0.03780524157850243,0.06568515122213266,0.056503349944531656,-0.009181801277601001
2091.04,NewPoint,4.51,2,1,116,Low_Rest,Low_Rest,0.0,1.0,0.0,0.0,0.0,0.0,1.0,0.0,0.0,1.0,1.0,1.0,0.0,0.0,0.0,0.0,0.3565217391304348,0.022515722178699533,0.0112803092485738,-0.011235412930125734,0.256,0.15999999999999998,-0.09600000000000003,0.08482925749814063,0.09464867294023285,0.009819415442092222,0.059640963552073115,0.06453699660752452,0.0048960330554514014
2109.68,NewPoint,18.64,2,1,117,Low_Rest,Low_Rest,0.0,1.0,0.0,0.0,1.0,0.0,1.0,0.0,0.0,1.0,1.0,0.0,0.0,0.0,0.0,0.0,0.41739130434782606,0.05128200501258599,0.07838367798731719,0.027101672974731192,0.18,0.044,-0.136,0.11679971088399103,0.14702809154493363,0.03022838066094259,0.059932499498132584,0.06695810508045255,0.007025605582319967
2116.85,NewPoint,7.17,2,1,118,Low_Rest,Low_Rest,0.0,1.0,0.0,0.0,1.0,0.0,1.0,0.0,0.0,1.0,1.0,0.0,0.0,0.0,0.0,0.0,0.45217391304347826,0.06519348504421066,0.13722965994586173,0.07203617490165107,0.2760000000000001,0.45200000000000007,0.176,0.13771691526157787,0.0943542655117818,-0.04336264974979606,0.06102794478657544,0.06719307054840043,0.0061651257618249924
2140.8,NewPoint,23.95,2,1,119,Low_Rest,Low_Rest,0.0,0.0,1.0,0.0,0.0,0.0,0.0,0.0,0.0,2.0,0.0,0.0,2.0,1.0,0.0,0.0,0.46956521739130436,0.011033014544386197,0.010161478179647904,-0.0008715363647382925,0.03636363636363637,0.04363636363636364,0.007272727272727271,0.08440747036725546,0.08384204542457245,-0.0005654249426830099,0.05588834594785433,0.05590081527659923,1.2469328744900421e-05
2153.63,NewPoint,12.83,2,1,120,Low_Rest,Low_Rest,0.0,0.0,1.0,0.0,1.0,0.0,0.0,0.0,0.0,2.0,1.0,0.0,0.0,1.0,0.0,0.0,0.5391304347826087,0.06439180255852557,0.010072331250180717,-0.05431947130834486,0.23200000000000004,0.012,-0.22000000000000003,0.09505002921623588,0.07708556306127365,-0.017964466154962236,0.05671565454745039,0.05035464709609987,-0.006361007451350521
2250.96,NewPoint,97.33,2,1,121,Low_Rest,Low_Rest,0.0,1.0,0.0,0.0,1.0,0.0,1.0,0.0,0.0,1.0,1.0,0.0,0.0,0.0,0.0,0.0,0.4434782608695652,0.020142534258463254,0.011912435200535188,-0.008230099057928066,0.21200000000000002,0.0,-0.21200000000000002,0.08425005847673205,0.07894771966684591,-0.005302338809886134,0.05393831247885963,0.051011998386443845,-0.0029263140924157827
2290.35,NewPoint,39.39,2,1,122,Low_Rest,Low_Rest,0.0,0.0,1.0,1.0,1.0,0.0,1.0,0.0,0.0,2.0,0.0,0.0,1.0,0.0,1.0,0.0,0.4434782608695652,0.1313677124922471,0.0138235732466222,-0.1175441392456249,0.152,0.036,-0.11599999999999999,0.08861719929590542,0.07302539445808849,-0.015591804837816928,0.05931123510366939,0.06015702997598153,0.0008457948723121431
2322.53,NewPoint,32.19,2,1,123,Low_Rest,Low_Rest,1.0,1.0,0.0,0.0,1.0,0.0,0.0,0.0,0.0,1.0,1.0,0.0,0.0,0.0,0.0,0.0,0.43478260869565216,0.09525948000736718,0.007744296715394746,-0.08751518329197244,0.36800000000000005,0.0,-0.36800000000000005,0.09884452342500027,0.09277256217691633,-0.006071961248083943,0.06280558613325932,0.05953457660289767,-0.0032710095303616488
2337.12,NewPoint,14.59,2,1,124,Low_Rest,Low_Rest,1.0,0.0,1.0,0.0,1.0,0.0,1.0,0.0,0.0,1.0,1.0,0.0,0.0,0.0,1.0,0.0,0.45217391304347826,0.05529307250354223,0.02211547949321941,-0.03317759301032282,0.356,0.12400000000000003,-0.23199999999999996,0.0773774042514164,0.08387330637579445,0.006495902124378047,0.05457594682978929,0.05476384903223088,0.000187902202441588
2355.68,NewPoint,18.56,2,1,125,Low_Rest,Low_Rest,0.0,1.0,0.0,0.0,1.0,0.0,1.0,0.0,0.0,1.0,0.0,0.0,1.0,0.0,0.0,0.0,0.46956521739130436,0.10126169749389806,0.009867612498414181,-0.09139408499548388,0.088,0.004,-0.08399999999999999,0.08164675924734988,0.0814457701798719,-0.00020098906747798018,0.06024924586627228,0.05717177963795367,-0.003077466228318615
2363.23,NewPoint,7.55,2,1,126,Low_Rest,Low_Rest,0.0,0.0,1.0,0.0,1.0,0.0,1.0,0.0,0.0,2.0,0.0,0.0,1.0,0.0,0.0,0.0,0.5043478260869565,0.044386303493643496,0.0046008090270020785,-0.03978549446664142,0.21200000000000002,0.124,-0.08800000000000002,0.07935289856668468,0.09121576156706568,0.011862863000381002,0.059721220235002884,0.060732235028126726,0.001011014793123842
2408.91,NewPoint,45.68,2,1,127,Low_Rest,Low_Rest,1.0,0.0,0.0,0.0,1.0,0.0,1.0,0.0,0.0,1.0,0.0,0.0,1.0,0.0,0.0,0.0,0.4782608695652174,0.009009494332015101,0.002921661678297224,-0.006087832653717877,0.04,0.0,-0.04,0.0791592078484962,0.0807838706820732,0.001624662833576998,0.052240208301658334,0.04801407731419401,-0.00422613098746432
2426.29,NewPoint,17.39,2,2,128,Low_Rest,Low_Rest,1.0,1.0,0.0,0.0,1.0,0.0,0.0,0.0,0.0,2.0,1.0,0.0,0.0,0.0,0.0,0.0,0.5130434782608696,0.09849158167367941,0.029039393997470624,-0.06945218767620878,0.596,0.148,-0.44799999999999995,0.10042028057963345,0.11071338531541972,0.010293104735786263,0.07784541732170303,0.06837574474716498,-0.00946967257453804
2433.55,NewPoint,7.25,2,2,129,Low_Rest,Low_Rest,1.0,1.0,0.0,0.0,1.0,0.0,0.0,0.0,0.0,1.0,0.0,0.0,0.0,0.0,0.0,0.0,0.4782608695652174,0.05922435951516478,0.01873845775369917,-0.04048590176146562,0.604,0.13200000000000003,-0.472,0.10224992112463634,0.08371220686837402,-0.018537714256262314,0.065895475013691,0.06172849237929194,-0.004166982634399061
2435.81,NewPoint,2.27,2,2,130,Low_Rest,Low_Rest,0.0,0.0,1.0,1.0,1.0,0.0,0.0,0.0,0.0,1.0,0.0,0.0,1.0,0.0,1.0,0.0,0.48695652173913045,0.053390229263140944,0.013895302495075293,-0.03949492676806565,0.06,0.1,0.04000000000000001,0.08699778366341035,0.08857814508828063,0.0015803614248702802,0.061965225799463106,0.06323213315266218,0.0012669073531990788
2461.47,NewPoint,25.65,2,2,131,Low_Rest,Low_Rest,0.0,0.0,1.0,1.0,1.0,1.0,1.0,1.0,0.0,1.0,0.0,0.0,0.0,0.0,0.0,0.0,0.5217391304347826,0.174800089992064,0.08255937415491262,-0.09224071583715139,0.5599999999999999,0.44399999999999995,-0.11599999999999999,0.08802460877828966,0.07111490972845945,-0.01690969904983021,0.06064836343423626,0.056202272482901175,-0.004446090951335087
2475.17,NewPoint,13.71,2,2,132,Low_Rest,Low_Rest,1.0,1.0,0.0,0.0,1.0,0.0,1.0,0.0,0.0,1.0,1.0,0.0,0.0,0.0,0.0,0.0,0.45217391304347826,0.11896698990018746,0.0025505409243606063,-0.11641644897582686,0.43200000000000005,0.008,-0.42400000000000004,0.08144321152278233,0.08096253094478734,-0.0004806805779949963,0.06108930205890476,0.05746966062033702,-0.0036196414385677445
2490.59,NewPoint,15.41,2,2,133,Low_Rest,Low_Rest,0.0,1.0,0.0,0.0,1.0,0.0,1.0,0.0,0.0,1.0,1.0,0.0,0.0,0.0,0.0,0.0,0.5565217391304348,0.08262660946041066,0.009033369348755722,-0.07359324011165494,0.18,0.08,-0.09999999999999999,0.117439883318644,0.07591374962175192,-0.04152613369689208,0.06607952144168648,0.05490128078654728,-0.011178240655139199
2501.2,NewPoint,10.61,2,2,134,Low_Rest,Low_Rest,0.0,1.0,0.0,0.0,1.0,0.0,1.0,0.0,0.0,1.0,1.0,0.0,0.0,0.0,0.0,0.0,0.4,0.048428062238350056,0.014495856654247402,-0.033932205584102655,0.096,0.144,0.04799999999999999,0.07923011056514655,0.07128591498687581,-0.007944195578270738,0.05702636996140745,0.06295447295017348,0.005928102988766032
2509.71,NewPoint,8.51,2,2,135,Low_Rest,Low_Rest,1.0,0.0,1.0,0.0,1.0,0.0,0.0,0.0,0.0,2.0,0.0,0.0,1.0,0.0,1.0,0.0,0.43478260869565216,0.15112034256533413,0.026863852014313565,-0.12425649055102056,0.28800000000000003,0.036,-0.25200000000000006,0.0819943114101992,0.07854124577445218,-0.0034530656357470157,0.055502570810812425,0.05787581436423045,0.002373243553418024
2514.88,NewPoint,5.17,2,2,136,Low_Rest,Low_Rest,1.0,0.0,1.0,0.0,1.0,0.0,0.0,0.0,0.0,2.0,0.0,0.0,1.0,0.0,1.0,0.0,0.5130434782608696,0.043672276997805584,0.018146730244408025,-0.02552554675339756,0.10800000000000001,0.24000000000000005,0.13200000000000003,0.08298938872029797,0.08127220010871457,-0.0017171886115834034,0.06392972333669765,0.06115507047419526,-0.0027746528625023914
2520.35,NewPoint,5.47,2,2,137,Low_Rest,Low_Rest,0.0,1.0,1.0,0.0,1.0,0.0,1.0,0.0,0.0,2.0,0.0,0.0,1.0,0.0,1.0,0.0,0.4260869565217391,0.08627101849817798,0.013090966502481996,-0.07318005199569598,0.128,0.152,0.023999999999999994,0.1095130775937518,0.09272694594470662,-0.016786131649045175,0.06107404362747744,0.05872438423406297,-0.0023496593934144716
2528.27,NewPoint,7.92,2,2,138,Low_Rest,Low_Rest,0.0,0.0,1.0,0.0,0.0,1.0,1.0,0.0,0.0,2.0,0.0,1.0,0.0,0.0,0.0,0.0,0.5130434782608696,0.12593292252689547,0.05466891773824835,-0.07126400478864713,0.36,0.16399999999999998,-0.196,0.09109930831879284,0.08469705873731295,-0.006402249581479891,0.06557639501063386,0.059128943418866445,-0.00644745159176742
2545.28,NewPoint,17.01,2,2,139,Low_Rest,Low_Rest,1.0,0.0,1.0,0.0,1.0,0.0,1.0,0.0,0.0,2.0,0.0,1.0,0.0,0.0,1.0,0.0,0.48695652173913045,0.2835225675486016,0.05204175472839895,-0.23148081282020266,0.32799999999999996,0.22400000000000003,-0.10399999999999993,0.07173415288805969,0.07617352050355378,0.004439367615494086,0.061538385412104546,0.05683890480338503,-0.004699480608719518
2556.67,NewPoint,11.39,2,2,140,Low_Rest,Low_Rest,1.0,0.0,1.0,0.0,1.0,0.0,1.0,0.0,0.0,1.0,1.0,0.0,0.0,1.0,1.0,0.0,0.43478260869565216,0.11923968005454935,0.032008606266873206,-0.08723107378767614,0.24000000000000005,0.008,-0.23200000000000004,0.08270982728317754,0.08316224479249308,0.0004524175093155447,0.05661555452838327,0.05778076994991142,0.0011652154215281499
2590.96,NewPoint,34.29,2,2,141,Low_Rest,Low_Rest,0.0,0.0,1.0,0.0,1.0,0.0,0.0,0.0,0.0,2.0,0.0,0.0,1.0,0.0,1.0,0.0,0.41739130434782606,0.060134897519659836,0.02098540026580694,-0.039149497253852895,0.2,0.048,-0.15200000000000002,0.08061672681282155,0.07325119455446057,-0.0073655322583609795,0.06101155192746817,0.05878270935829851,-0.0022288425691696576
2611.33,NewPoint,20.37,2,2,142,Low_Rest,Low_Rest,1.0,0.0,1.0,0.0,0.0,0.0,0.0,0.0,0.0,2.0,0.0,0.0,1.0,0.0,1.0,0.0,0.4434782608695652,0.07229040754581807,0.012447113244841105,-0.05984329430097697,0.052000000000000005,0.0,-0.052000000000000005,0.08425676373903428,0.07275739186859118,-0.0114993718704431,0.060756581768106076,0.05816712589704309,-0.002589455871062983
2667.44,NewPoint,56.11,2,2,143,Low_Rest,Low_Rest,0.0,0.0,1.0,0.0,0.0,1.0,0.0,0.0,0.0,2.0,1.0,0.0,0.0,1.0,0.0,0.0,0.3739130434782609,0.21462965997791578,0.028720586303632112,-0.18590907367428366,0.348,0.092,-0.256,0.08783333937803198,0.08845890413493514,0.0006255647569031603,0.0664547524452698,0.06754612340256466,0.0010913709572948627
2710.16,NewPoint,42.72,2,2,144,Low_Rest,Low_Rest,1.0,0.0,1.0,0.0,1.0,0.0,0.0,0.0,0.0,1.0,1.0,0.0,0.0,0.0,1.0,0.0,0.48695652173913045,0.1517647124456107,0.07490088252289388,-0.07686382992271683,0.396,0.16799999999999998,-0.22800000000000004,0.10855291147829511,0.08426435621124943,-0.02428855526704568,0.0720728923453109,0.06590394135185165,-0.006168950993459252
2740.27,NewPoint,30.11,2,2,145,Low_Rest,Low_Rest,0.0,0.0,1.0,0.0,0.0,1.0,0.0,0.0,0.0,2.0,0.0,1.0,0.0,1.0,0.0,0.0,0.5130434782608696,0.14769701269844412,0.043948974513945686,-0.10374803818449843,0.316,0.188,-0.128,0.08214264247583501,0.08224523204571577,0.00010258956988075385,0.06427271408015083,0.065856020867985,0.0015833067878341794
2747.47,NewPoint,7.2,2,2,146,Low_Rest,Low_Rest,1.0,0.0,0.0,0.0,1.0,0.0,0.0,0.0,0.0,1.0,1.0,0.0,0.0,0.0,0.0,0.0,0.5043478260869565,0.15660638754537218,0.006758373251064961,-0.14984801429430722,0.5640000000000001,0.0,-0.5640000000000001,0.07861737563405498,0.06674458552636237,-0.011872790107692613,0.05931251115605897,0.05201098387128654,-0.00730152728477243
2764.37,NewPoint,16.91,2,3,147,Low_Rest,Low_Rest,0.0,1.0,0.0,0.0,1.0,0.0,1.0,0.0,0.0,1.0,0.0,0.0,0.0,0.0,0.0,0.0,0.43478260869565216,0.1522466724992862,0.07808182745730106,-0.07416484504198513,0.16799999999999998,0.27999999999999997,0.11199999999999999,0.09995892501991176,0.08126408665562532,-0.01869483836428644,0.06095590065072334,0.05789607605184678,-0.003059824598876555
2823.33,NewPoint,58.96,2,3,148,Low_Rest,Low_Rest,1.0,0.0,0.0,0.0,1.0,0.0,0.0,0.0,0.0,1.0,0.0,0.0,1.0,0.0,1.0,0.0,0.5130434782608696,0.028168926244797388,0.01225167300031212,-0.015917253244485268,0.24400000000000005,0.152,-0.09200000000000005,0.07806199168495999,0.09219845134348034,0.014136459658520353,0.053720017239873706,0.050075897442521854,-0.0036441197973518524
2834.16,NewPoint,10.83,2,3,149,Low_Rest,Low_Rest,1.0,0.0,0.0,0.0,1.0,0.0,0.0,0.0,0.0,1.0,0.0,0.0,1.0,0.0,1.0,0.0,0.46956521739130436,0.02569685600193907,0.009997807495888907,-0.015699048506050164,0.2800000000000001,0.12400000000000003,-0.15600000000000006,0.1488015545711059,0.06984912626147112,-0.07895242830963477,0.052991930121147654,0.05164752357317689,-0.0013444065479707654
2842.67,NewPoint,8.51,2,3,150,Low_Rest,Low_Rest,1.0,0.0,0.0,0.0,1.0,0.0,0.0,0.0,0.0,1.0,0.0,0.0,1.0,0.0,1.0,0.0,0.43478260869565216,0.03754280650641668,0.009272917497406323,-0.028269889009010354,0.196,0.12800000000000003,-0.06799999999999998,0.07947792448403518,0.07338897453335166,-0.006088949950683514,0.05681511694889387,0.05216759075131751,-0.004647526197576364
2910.64,NewPoint,67.97,2,3,151,Low_Rest,Low_Rest,1.0,1.0,0.0,0.0,1.0,0.0,1.0,0.0,0.0,1.0,0.0,0.0,1.0,0.0,0.0,0.0,0.48695652173913045,0.011959561247127503,0.004898766052693693,-0.00706079519443381,0.084,0.0,-0.084,0.07707820156915032,0.09853066412978795,0.021452462560637625,0.062197554564715575,0.05028263498001697,-0.011914919584698605
2918.88,NewPoint,8.24,2,3,152,Low_Rest,Low_Rest,1.0,1.0,0.0,0.0,1.0,0.0,1.0,0.0,0.0,1.0,0.0,0.0,1.0,0.0,0.0,0.0,0.4260869565217391,0.019231911987870453,0.004661912799902902,-0.014569999187967551,0.268,0.0,-0.268,0.08510777924242344,0.08983532676556741,0.004727547523143971,0.05990068379075458,0.06157295464455785,0.0016722708538032677
2941.84,NewPoint,22.96,2,3,153,Low_Rest,Low_Rest,0.0,1.0,0.0,0.0,1.0,0.0,1.0,0.0,0.0,2.0,0.0,0.0,1.0,0.0,1.0,0.0,0.41739130434782606,0.0622381150125267,0.03427805448523467,-0.02796006052729203,0.14800000000000002,0.0,-0.14800000000000002,0.07469795548089717,0.07529819573513806,0.0006002402542408941,0.04894132909167298,0.05486021508834564,0.00591888599667266
2946.56,NewPoint,4.72,2,3,154,Low_Rest,Low_Rest,0.0,1.0,0.0,0.0,1.0,0.0,1.0,0.0,0.0,2.0,0.0,0.0,1.0,0.0,1.0,1.0,0.4260869565217391,0.02223213401459081,0.0037218480259835337,-0.018510285988607274,0.092,0.0,-0.092,0.08741252925507792,0.07929715577564378,-0.00811537347943414,0.05018121555379222,0.04668848512128572,-0.0034927304325065023
2964.51,NewPoint,17.95,2,3,155,Low_Rest,Low_Rest,0.0,0.0,1.0,0.0,1.0,0.0,1.0,0.0,0.0,2.0,0.0,1.0,0.0,0.0,1.0,0.0,0.48695652173913045,0.025382487243570413,0.00709080575075641,-0.018291681492814002,0.43600000000000005,0.0,-0.43600000000000005,0.07391548680976806,0.06493389358768345,-0.00898159322208461,0.052110484526263025,0.04546453525106985,-0.006645949275193172
3009.07,NewPoint,44.56,2,3,156,Low_Rest,Low_Rest,0.0,1.0,1.0,0.0,1.0,0.0,1.0,0.0,0.0,1.0,1.0,0.0,0.0,0.0,0.0,0.0,0.45217391304347826,0.08817184495452997,0.046933508257879515,-0.04123833669665045,0.348,0.064,-0.284,0.09909846930239233,0.07489088807530465,-0.024207581227087674,0.053566506162720406,0.052875605045487425,-0.000690901117232981
3028.03,NewPoint,18.96,2,3,157,Low_Rest,Low_Rest,0.0,0.0,1.0,0.0,1.0,0.0,1.0,0.0,0.0,2.0,0.0,0.0,1.0,0.0,1.0,0.0,0.4260869565217391,0.02150644200362945,0.006856293499878241,-0.014650148503751211,0.144,0.0,-0.144,0.06988875410457178,0.07091192688960889,0.0010231727850371075,0.04843985019106674,0.054386931611248926,0.0059470814201821875
3083.92,NewPoint,55.89,2,3,158,Low_Rest,Low_Rest,0.0,1.0,0.0,0.0,1.0,0.0,1.0,0.0,0.0,1.0,1.0,0.0,0.0,0.0,0.0,0.0,0.45217391304347826,0.13197907002517156,0.01754208504200607,-0.11443698498316549,0.18800000000000003,0.10800000000000001,-0.08000000000000002,0.08659585156483199,0.08065346302248741,-0.005942388542344579,0.05648857738459061,0.05514544017315951,-0.001343137211431096
3098.08,NewPoint,14.16,2,3,159,Low_Rest,Low_Rest,0.0,0.0,1.0,0.0,1.0,0.0,0.0,0.0,0.0,2.0,1.0,1.0,0.0,1.0,1.0,0.0,0.4434782608695652,0.0897056342434707,0.014898875245284205,-0.07480675899818649,0.6839999999999999,0.036,-0.6479999999999999,0.08154945749159795,0.07844623173924124,-0.003103225752356706,0.05769054334712279,0.05519470499623398,-0.0024958383508888113
3121.63,71.00,23.55,2,3,160,Low_Rest,Low_Rest,0.0,0.0,1.0,0.0,0.0,0.0,0.0,0.0,0.0,2.0,0.0,1.0,0.0,0.0,1.0,0.0,0.43478260869565216,0.11083328501636416,0.019690450010340914,-0.09114283500602324,0.32399999999999995,0.0,-0.32399999999999995,0.07099284601735355,0.09569410448840346,0.02470125847104991,0.049115613953271006,0.05103518382722681,0.0019195698739558065
3142.27,76.00,20.64,2,3,161,Low_Rest,Low_Rest,0.0,1.0,0.0,0.0,1.0,0.0,0.0,0.0,0.0,1.0,1.0,0.0,0.0,0.0,0.0,0.0,0.48695652173913045,0.04448879376150181,0.0038142297248024417,-0.04067456403669937,0.44399999999999995,0.0,-0.44399999999999995,0.07291795888707887,0.06284195222580893,-0.01007600666126994,0.05396403104801293,0.04639612158567192,-0.00756790946234101
3199.33,86.00,57.07,2,3,162,Low_Rest,Low_Rest,0.0,1.0,0.0,0.0,1.0,0.0,0.0,0.0,0.0,1.0,1.0,0.0,0.0,0.0,0.0,0.0,0.3739130434782609,0.061896290026366964,0.02163164375590893,-0.04026464627045803,0.22000000000000003,0.0,-0.22000000000000003,0.08246985880432084,0.0846561774714479,0.0021863186671270546,0.04837287057349647,0.05747450544112041,0.009101634867623942
3236.37,NewPoint,37.04,2,3,163,Low_Rest,Low_Rest,0.0,1.0,1.0,0.0,1.0,1.0,0.0,0.0,0.0,1.0,1.0,0.0,0.0,0.0,1.0,0.0,0.4260869565217391,0.05329352380151335,0.02182960623887764,-0.03146391756263571,0.388,0.09999999999999999,-0.28800000000000003,0.06822618000551126,0.06557135647996358,-0.0026548235255476754,0.05143838704726925,0.05310698691562501,0.0016685998683557551
3247.17,NewPoint,10.8,2,3,164,Low_Rest,Low_Rest,0.0,1.0,1.0,0.0,1.0,0.0,1.0,0.0,0.0,1.0,1.0,0.0,0.0,0.0,1.0,0.0,0.3565217391304348,0.026868181247740097,0.022658836271624235,-0.004209344976115862,0.152,0.012,-0.13999999999999999,0.07865986836939873,0.09126550153030644,0.012605633160907709,0.0509900352489142,0.054897713911886595,0.003907678662972397
3266.45,NewPoint,19.28,2,3,165,Low_Rest,Low_Rest,1.0,1.0,0.0,0.0,1.0,0.0,1.0,0.0,0.0,1.0,0.0,0.0,1.0,0.0,0.0,0.0,0.4434782608695652,0.004761832327356405,0.003597900578152558,-0.0011639317492038465,0.0,0.0,0.0,0.06560005896398519,0.07946448570233702,0.013864426738351837,0.04960801692223112,0.0443859238047903,-0.005222093117440825
5398.8,NewPoint,2132.35,3,1,166,Low_Rest,Low_Rest,0.0,0.0,1.0,1.0,1.0,0.0,0.0,0.0,0.0,0.0,0.0,0.0,0.0,0.0,0.0,0.0,0.48695652173913045,0.027108548414022725,0.016246937043136355,-0.01086161137088637,0.17454545454545453,0.08363636363636363,-0.0909090909090909,0.07751657855927586,0.060559466284650545,-0.01695711227462532,0.05388084123039021,0.0500430664128509,-0.003837774817539309
5423.95,NewPoint,25.15,3,1,167,Low_Rest,Low_Rest,0.0,0.0,1.0,1.0,1.0,0.0,0.0,0.0,0.0,0.0,0.0,0.0,0.0,0.0,0.0,0.0,0.46956521739130436,0.020907277494450722,0.016352195752487322,-0.0045550817419633995,0.376,0.38399999999999995,0.007999999999999952,0.07626371583010716,0.06947460506769777,-0.006789110762409387,0.053146332159493784,0.05278985129524588,-0.0003564808642479017
5447.47,NewPoint,23.52,3,1,168,Low_Rest,Low_Rest,0.0,0.0,1.0,1.0,1.0,0.0,0.0,0.0,0.0,0.0,0.0,0.0,0.0,0.0,0.0,0.0,0.43478260869565216,0.051938663777189975,0.013265464746497077,-0.0386731990306929,0.152,0.032,-0.12,0.07423463567162351,0.06540912405974172,-0.00882551161188179,0.05197029138512142,0.04846348381263008,-0.0035068075724913397
5566.59,NewPoint,119.12,3,1,169,Low_Rest,Low_Rest,0.0,0.0,1.0,1.0,0.0,0.0,0.0,0.0,0.0,0.0,0.0,0.0,1.0,0.0,0.0,0.0,0.46956521739130436,0.03409422950256753,0.010760182254301734,-0.0233340472482658,0.12399999999999997,0.052000000000000005,-0.07199999999999997,0.06025257823890708,0.06356488943271114,0.0033123111938040614,0.04523746941637685,0.0484064181917823,0.003168948775405446
5663.95,NewPoint,97.36,3,1,170,Low_Rest,Low_Rest,0.0,0.0,1.0,0.0,1.0,0.0,0.0,0.0,0.0,0.0,0.0,0.0,1.0,1.0,0.0,0.0,0.4782608695652174,0.0800741282497911,0.014045342999952855,-0.06602878524983824,0.27999999999999997,0.1,-0.17999999999999997,0.06578734423915246,0.07192325984341921,0.006135915604266753,0.050857146986957966,0.04659909749549318,-0.004258049491464785
5740.32,NewPoint,76.37,3,1,171,Low_Rest,Low_Rest,0.0,0.0,1.0,1.0,1.0,0.0,0.0,0.0,0.0,0.0,0.0,0.0,1.0,1.0,0.0,0.0,0.5043478260869565,0.08261566998964076,0.028267482731228023,-0.05434818725841274,0.3,0.192,-0.10799999999999998,0.08557760061502877,0.08629395258952474,0.000716351974495974,0.05793040285879034,0.053481040117613086,-0.004449362741177257
5776.51,NewPoint,36.19,3,1,172,Low_Rest,Low_Rest,0.0,0.0,1.0,1.0,0.0,0.0,0.0,0.0,0.0,0.0,0.0,0.0,0.0,0.0,0.0,0.0,0.3652173913043478,0.07501090799806098,0.0391489795116825,-0.03586192848637848,0.23600000000000004,0.304,0.06799999999999995,0.08908161945265307,0.07203602611312791,-0.017045593339525156,0.05152581670260762,0.056239611502042056,0.004713794799434436
5885.13,NewPoint,108.62,3,1,173,Low_Rest,Low_Rest,0.0,0.0,1.0,0.0,0.0,1.0,0.0,0.0,0.0,0.0,0.0,0.0,1.0,1.0,0.0,0.0,0.5652173913043478,0.11382233999598028,0.031850374989791874,-0.0819719650061884,0.096,0.26000000000000006,0.16400000000000006,0.08044123270119,0.06189187340476634,-0.018549359296423658,0.054248463054773696,0.044752401692257096,-0.0094960613625166
6011.32,NewPoint,126.19,3,1,174,Low_Rest,Low_Rest,0.0,1.0,0.0,0.0,0.0,0.0,0.0,0.0,0.0,0.0,0.0,0.0,0.0,1.0,0.0,0.0,0.5217391304347826,0.11139395248517048,0.006098503123847828,-0.10529544936132265,0.14,0.4640000000000001,0.32400000000000007,0.07620036816515594,0.07353712297033668,-0.0026632451948192526,0.05367778638398192,0.05409162221791208,0.0004138358339301623
6285.81,NewPoint,274.49,4,1,175,Low_Rest,Low_Rest,0.0,1.0,0.0,0.0,0.0,0.0,1.0,0.0,0.0,0.0,0.0,0.0,0.0,0.0,0.0,0.0,0.4434782608695652,0.010146507998888122,0.003948359424228704,-0.006198148574659419,0.11600000000000002,0.23200000000000004,0.11600000000000002,0.15529086461545302,0.11092424373741398,-0.04436662087803904,0.05954334278988839,0.0643931031013467,0.004849760311458312
6292.81,NewPoint,7.0,4,1,176,Low_Rest,Low_Rest,0.0,1.0,0.0,0.0,1.0,0.0,1.0,0.0,0.0,0.0,0.0,0.0,0.0,0.0,0.0,0.0,0.43478260869565216,0.01617435874985903,0.005495656071650852,-0.010678702678208177,0.08,0.24800000000000005,0.16800000000000004,0.11844082837900868,0.09499464320011128,-0.023446185178897405,0.0632358819535311,0.057476209311471904,-0.005759672642059191
6299.12,NewPoint,6.31,4,1,177,Low_Rest,Low_Rest,0.0,0.0,1.0,0.0,1.0,0.0,1.0,0.0,0.0,0.0,0.0,0.0,0.0,0.0,0.0,0.0,0.4956521739130435,0.015517509499090035,0.006105135651212864,-0.009412373847877171,0.14000000000000004,0.04,-0.10000000000000003,0.07683758219084548,0.07109356940671736,-0.005744012784128116,0.05764536149965986,0.05300771505446811,-0.004637646445191754
6305.02,NewPoint,5.9,4,1,178,Low_Rest,Low_Rest,0.0,0.0,1.0,0.0,1.0,0.0,1.0,0.0,0.0,0.0,0.0,0.0,0.0,0.0,0.0,0.0,0.4434782608695652,0.01863118324758583,0.006205920153005079,-0.01242526309458075,0.196,0.0,-0.196,0.08304493406136661,0.09197078082855628,0.008925846767189674,0.06047837176279778,0.06006932283464751,-0.0004090489281502671
6312.23,NewPoint,7.21,4,1,179,Low_Rest,Low_Rest,0.0,0.0,1.0,0.0,1.0,0.0,0.0,0.0,0.0,0.0,0.0,0.0,0.0,0.0,0.0,0.0,0.46956521739130436,0.023216908516607238,0.004693212721046393,-0.018523695795560846,0.0,0.0,0.0,0.09332458769789645,0.07163501106256612,-0.021689576635330332,0.06382569467752865,0.05123863774087902,-0.012587056936649625
6326.43,NewPoint,14.21,4,1,180,Low_Rest,Low_Rest,0.0,1.0,0.0,0.0,1.0,0.0,1.0,0.0,0.0,0.0,0.0,0.0,0.0,0.0,0.0,0.0,0.391304347826087,0.03314213425258757,0.005259845726332225,-0.027882288526255346,0.06799999999999999,0.076,0.008000000000000007,0.07582475187229172,0.14230965007109245,0.06648489819880073,0.05456633510257543,0.05373415076876892,-0.0008321843338065099
6339.97,NewPoint,13.53,4,1,181,Low_Rest,Low_Rest,0.0,0.0,1.0,0.0,1.0,1.0,1.0,0.0,0.0,0.0,0.0,0.0,0.0,0.0,0.0,0.0,0.45217391304347826,0.05769185477708806,0.018390545006072935,-0.039301309771015126,0.028000000000000004,0.10800000000000001,0.08000000000000002,0.08687438627210667,0.08730005169278036,0.00042566542067369595,0.05607106335188592,0.05270843196012457,-0.0033626313917613504
6351.93,NewPoint,11.97,4,1,182,Low_Rest,Low_Rest,0.0,0.0,1.0,0.0,1.0,0.0,1.0,0.0,0.0,0.0,0.0,0.0,0.0,0.0,0.0,0.0,0.48695652173913045,0.03458448599551069,0.007665516800611336,-0.026918969194899358,0.004,0.10400000000000001,0.1,0.06567376161054182,0.0761140976488193,0.010440336038277473,0.05393111149324524,0.051833209772039576,-0.002097901721205664
6358.2,NewPoint,6.27,4,1,183,Low_Rest,Low_Rest,0.0,0.0,1.0,0.0,1.0,0.0,1.0,0.0,0.0,0.0,0.0,0.0,0.0,0.0,0.0,0.0,0.4434782608695652,0.061022892226537985,0.011081835757333024,-0.049941056469204964,0.032,0.23600000000000004,0.20400000000000004,0.06804977390529918,0.07344960865017823,0.0053998347448790535,0.05066266927145673,0.050565309900459265,-9.735937099746711e-05
6364.46,NewPoint,6.25,4,1,184,Low_Rest,Low_Rest,0.0,0.0,1.0,0.0,1.0,0.0,1.0,0.0,0.0,0.0,0.0,0.0,0.0,0.0,0.0,0.0,0.46956521739130436,0.0470304269825492,0.007707104497883942,-0.03932332248466526,0.0,0.15999999999999998,0.15999999999999998,0.07663693475864894,0.07450041894794172,-0.002136515810707215,0.05610412714640162,0.04842918000187408,-0.007674947144527537
6381.91,NewPoint,17.45,4,1,185,Low_Rest,Low_Rest,0.0,1.0,0.0,0.0,1.0,0.0,1.0,1.0,0.0,0.0,0.0,0.0,0.0,0.0,0.0,0.0,0.5130434782608696,0.013183511750822366,0.0029678537725562415,-0.010215657978266124,0.10800000000000001,0.12400000000000003,0.016000000000000014,0.07961899526876846,0.08220024377400664,0.002581248505238179,0.05205481205194111,0.047994339152273136,-0.0040604728996679745
6396.1,NewPoint,14.19,4,1,186,Low_Rest,Low_Rest,0.0,1.0,0.0,0.0,1.0,0.0,1.0,0.0,0.0,0.0,0.0,0.0,0.0,0.0,0.0,0.0,0.5826086956521739,0.06423484776278425,0.008954158405743873,-0.05528068935704038,0.33454545454545453,0.27636363636363637,-0.05818181818181817,0.07798780114408609,0.07108397475313037,-0.006903826390955714,0.05995863834242445,0.048479812704807695,-0.011478825637616756
6408.32,NewPoint,12.23,4,1,187,Low_Rest,Low_Rest,0.0,1.0,0.0,0.0,1.0,0.0,0.0,1.0,0.0,0.0,0.0,0.0,1.0,0.0,0.0,0.0,0.48695652173913045,0.02984196199646138,0.0037745286761446282,-0.02606743332031675,0.35200000000000004,0.06800000000000002,-0.28400000000000003,0.07805098830960516,0.07660952540168733,-0.0014414629079178287,0.05266200637857667,0.05120765030417944,-0.0014543560743972284
6420.18,NewPoint,11.85,4,1,188,Low_Rest,Low_Rest,0.0,1.0,0.0,0.0,1.0,0.0,0.0,0.0,0.0,0.0,0.0,0.0,0.0,0.0,0.0,0.0,0.5652173913043478,0.08846073751576768,0.008732545500111433,-0.07972819201565624,0.264,0.05600000000000001,-0.20800000000000002,0.08199649504370496,0.0673397017094998,-0.014656793334205165,0.05642470252484626,0.049920268003363785,-0.006504434521482472
6433.07,NewPoint,12.9,4,1,189,Low_Rest,Low_Rest,0.0,1.0,0.0,0.0,1.0,0.0,1.0,0.0,0.0,0.0,0.0,0.0,0.0,0.0,0.0,0.0,0.4608695652173913,0.016157002996303883,0.0027625793482626863,-0.013394423648041196,0.0,0.0,0.0,0.06566693690744457,0.06351427971807198,-0.0021526571893725893,0.05094503612545228,0.04738271159808442,-0.0035623245273678564
6448.01,NewPoint,14.93,4,1,190,Low_Rest,Low_Rest,0.0,1.0,0.0,0.0,1.0,0.0,1.0,0.0,0.0,0.0,0.0,0.0,0.0,0.0,0.0,0.0,0.4434782608695652,0.10302994748486247,0.007342797492267526,-0.09568714999259494,0.17600000000000002,0.24,0.06399999999999997,0.07301261024872929,0.06469125059783504,-0.008321359650894256,0.0513636971990992,0.051107095739391116,-0.00025660145970808623
6464.86,NewPoint,16.86,4,1,191,Low_Rest,Low_Rest,0.0,1.0,0.0,0.0,1.0,0.0,1.0,0.0,0.0,0.0,0.0,0.0,0.0,0.0,0.0,0.0,0.391304347826087,0.08836691000883168,0.007581255452733965,-0.08078565455609771,0.392,0.18,-0.21200000000000002,0.07532621409128001,0.06958943147483386,-0.005736782616446154,0.049207737151824235,0.053464228035548365,0.00425649088372413
6472.52,NewPoint,7.65,4,1,192,Low_Rest,Low_Rest,0.0,1.0,0.0,0.0,1.0,0.0,1.0,0.0,0.0,0.0,0.0,0.0,1.0,0.0,0.0,0.0,0.4260869565217391,0.011304574749301974,0.002224851252497444,-0.00907972349680453,0.08,0.27999999999999997,0.19999999999999996,0.07730363577450393,0.07324530946794636,-0.004058326306557572,0.05245010072872626,0.050684786141795515,-0.001765314586930744
6477.35,NewPoint,4.83,4,1,193,Low_Rest,Low_Rest,0.0,1.0,0.0,0.0,1.0,0.0,1.0,0.0,0.0,0.0,0.0,0.0,0.0,0.0,0.0,0.0,0.45217391304347826,0.02699817050595149,0.016156913515904266,-0.010841256990047225,0.196,0.148,-0.048000000000000015,0.06938560834079295,0.07039317883423127,0.0010075704934383173,0.051552910410571494,0.04730078685486277,-0.004252123555708726
6490.9,NewPoint,13.55,4,1,194,Low_Rest,Low_Rest,1.0,1.0,0.0,0.0,1.0,0.0,1.0,0.0,0.0,0.0,0.0,0.0,1.0,0.0,0.0,0.0,0.5043478260869565,0.00674079474958462,0.0023837328996107825,-0.004357061849973837,0.21200000000000002,0.08,-0.132,0.08388758071596071,0.0660075425964807,-0.01788003811948001,0.050044426742269214,0.04469009961989297,-0.005354327122376247
6541.55,NewPoint,50.64,4,2,195,Low_Rest,Low_Rest,0.0,0.0,1.0,0.0,1.0,0.0,0.0,0.0,0.0,0.0,0.0,0.0,0.0,1.0,0.0,0.0,0.45217391304347826,0.05524043846697942,0.015139361667041103,-0.04010107679993832,0.048,0.0,-0.048,0.09299458010182993,0.07557347327555311,-0.017421106826276817,0.06374186651407236,0.05594052404396791,-0.007801342470104451
6568.41,NewPoint,26.86,4,2,196,Low_Rest,Low_Rest,0.0,0.0,1.0,1.0,1.0,1.0,0.0,0.0,0.0,0.0,0.0,0.0,1.0,1.0,0.0,0.0,0.3826086956521739,0.07584421749443225,0.015391154501044385,-0.06045306299338787,0.26799999999999996,0.13999999999999999,-0.12799999999999997,0.07080792924117837,0.0775410802254798,0.006733150984301425,0.05329204827949883,0.05822695473915116,0.004934906459652333
6579.1,NewPoint,10.7,4,2,197,Low_Rest,Low_Rest,0.0,0.0,1.0,0.0,1.0,0.0,0.0,0.0,0.0,0.0,0.0,0.0,0.0,0.0,0.0,0.0,0.41739130434782606,0.030454324069531816,0.01851454340838162,-0.011939780661150194,0.3418181818181818,0.20363636363636364,-0.13818181818181816,0.08750151137273193,0.08125419289528957,-0.006247318477442365,0.06208632668642617,0.06443606238598952,0.0023497356995633503
6591.01,NewPoint,11.91,4,2,198,Low_Rest,Low_Rest,0.0,0.0,1.0,0.0,1.0,0.0,0.0,0.0,0.0,0.0,0.0,0.0,0.0,1.0,1.0,0.0,0.48695652173913045,0.11670168252229181,0.020986557503275875,-0.09571512501901594,0.44800000000000006,0.032,-0.41600000000000004,0.07483029794932522,0.0839226231453574,0.009092325196032175,0.06235933687873556,0.056762827801042234,-0.0055965090776933235
6605.74,NewPoint,14.73,4,2,199,Low_Rest,Low_Rest,0.0,0.0,1.0,1.0,1.0,1.0,0.0,0.0,0.0,0.0,0.0,0.0,1.0,1.0,0.0,0.0,0.3826086956521739,0.049912796016006886,0.015081170504055146,-0.034831625511951736,0.33599999999999997,0.316,-0.019999999999999962,0.07882741882918895,0.08543088911610383,0.006603470286914881,0.060508473324077584,0.06467824741062485,0.0041697740865472635
6614.83,NewPoint,9.09,4,2,200,Low_Rest,Low_Rest,0.0,0.0,1.0,0.0,0.0,0.0,0.0,0.0,0.0,0.0,0.0,0.0,1.0,1.0,0.0,0.0,0.4434782608695652,0.012603489000680455,0.010007020000039033,-0.0025964690006414215,0.316,0.328,0.01200000000000001,0.07258237063757078,0.07152920003509458,-0.0010531706024762,0.06075795365799348,0.05314378289986053,-0.007614170758132956
6618.94,NewPoint,4.11,4,2,201,Low_Rest,Low_Rest,1.0,1.0,1.0,0.0,1.0,0.0,0.0,0.0,0.0,0.0,0.0,0.0,1.0,1.0,0.0,0.0,0.4608695652173913,0.007608828326487213,0.0022741963245902315,-0.0053346320018969814,0.26399999999999996,0.156,-0.10799999999999996,0.07321562749327806,0.07555943134509877,0.0023438038518207027,0.05715934799865927,0.05072014236174961,-0.00643920563690966
6628.94,NewPoint,10.01,4,3,202,Low_Rest,Low_Rest,1.0,1.0,0.0,0.0,1.0,0.0,0.0,0.0,0.0,0.0,1.0,0.0,0.0,0.0,0.0,0.0,0.5478260869565217,0.0861388674643985,0.0036517105271641793,-0.08248715693723432,0.392,0.196,-0.196,0.0815781058848448,0.06433544572449063,-0.01724266016035418,0.06033369772118054,0.04728670413691006,-0.013046993584270479
6659.15,NewPoint,30.2,4,3,203,Low_Rest,Low_Rest,0.0,0.0,1.0,0.0,1.0,0.0,0.0,0.0,0.0,0.0,0.0,0.0,1.0,0.0,0.0,0.0,0.41739130434782606,0.08678913504781567,0.032102060993229584,-0.05468707405458609,0.12000000000000002,0.24400000000000005,0.12400000000000003,0.08988087060356063,0.08579379854325456,-0.004087072060306077,0.06454572596757749,0.06570300440357509,0.0011572784359975968
6678.37,NewPoint,19.23,4,3,204,Low_Rest,Low_Rest,1.0,1.0,0.0,0.0,1.0,0.0,0.0,0.0,0.0,0.0,1.0,0.0,0.0,0.0,0.0,0.0,0.6086956521739131,0.16647340133322025,0.008556532232858393,-0.15791686910036185,0.41200000000000003,0.012,-0.4,0.09401701704960107,0.07265581098469105,-0.021361206064910016,0.05854526919023965,0.04762817430745957,-0.01091709488278008
6701.17,NewPoint,22.79,4,3,205,Low_Rest,Low_Rest,0.0,0.0,1.0,0.0,1.0,0.0,0.0,0.0,0.0,0.0,0.0,0.0,1.0,1.0,0.0,0.0,0.4782608695652174,0.06250386252838387,0.0369716845045798,-0.025532178023804072,0.364,0.58,0.21599999999999997,0.08863959325933073,0.11179284266557657,0.023153249406245843,0.06618835006657667,0.0580205939835081,-0.008167756083068571
6710.59,NewPoint,9.43,4,3,206,Low_Rest,Low_Rest,0.0,0.0,1.0,0.0,1.0,0.0,0.0,0.0,0.0,0.0,0.0,0.0,1.0,0.0,0.0,0.0,0.4608695652173913,0.056214177994843996,0.043390603261040966,-0.01282357473380303,0.46799999999999997,0.324,-0.14399999999999996,0.08096598810363453,0.08196343333288178,0.0009974452292472458,0.06459650756296972,0.05816127198979315,-0.006435235573176573
6729.13,NewPoint,18.54,4,3,207,Low_Rest,Low_Rest,1.0,1.0,0.0,0.0,1.0,0.0,0.0,0.0,0.0,0.0,1.0,0.0,0.0,0.0,0.0,0.0,0.5478260869565217,0.040249198501034956,0.004459380548303879,-0.035789817952731076,0.044,0.004,-0.039999999999999994,0.0811349126019497,0.0682905826359493,-0.012844329966000406,0.05956175388538325,0.04654312785623353,-0.013018626029149716
6757.59,NewPoint,28.47,4,3,208,Low_Rest,Low_Rest,1.0,1.0,0.0,0.0,1.0,0.0,0.0,0.0,0.0,0.0,0.0,0.0,1.0,1.0,0.0,0.0,0.4956521739130435,0.006186744877873948,0.006553114084114532,0.0003663692062405837,0.356,0.45199999999999996,0.09599999999999997,0.08080364911396884,0.09484212857914856,0.01403847946517972,0.06258071991267235,0.05033834204875302,-0.01224237786391933
6816.38,NewPoint,58.78,5,1,209,Low_Rest,Low_Rest,0.0,0.0,1.0,0.0,1.0,1.0,0.0,0.0,0.0,0.0,0.0,0.0,0.0,1.0,0.0,0.0,0.4434782608695652,0.1267921474785228,0.05915595276483343,-0.06763619471368937,0.184,0.012,-0.172,0.13586418772596418,0.13937640302557655,0.0035122152996123757,0.08907236752311165,0.08152425041861991,-0.007548117104491742
6828.98,NewPoint,12.6,5,1,210,Low_Rest,Low_Rest,0.0,0.0,1.0,0.0,1.0,0.0,0.0,0.0,0.0,0.0,0.0,0.0,1.0,0.0,0.0,0.0,0.41739130434782606,0.07798130248155011,0.02687344050068257,-0.05110786198086754,0.024,0.132,0.10800000000000001,0.1364003500886447,0.16466150558742962,0.028261155498784912,0.0840853285861444,0.08181381056995024,-0.0022715180161941573
6838.44,NewPoint,9.46,5,1,211,Low_Rest,Low_Rest,0.0,0.0,1.0,0.0,1.0,1.0,0.0,0.0,0.0,0.0,0.0,0.0,1.0,1.0,0.0,0.0,0.4782608695652174,0.1005749325110876,0.04570908300362861,-0.054865849507458986,0.20400000000000001,0.312,0.10799999999999998,0.16945526475368383,0.16960442437115025,0.00014915961746642115,0.08475872277296735,0.07905790390831213,-0.005700818864655219
6847.01,NewPoint,8.57,5,1,212,Low_Rest,Low_Rest,0.0,0.0,1.0,1.0,1.0,1.0,0.0,0.0,0.0,0.0,0.0,1.0,1.0,1.0,0.0,0.0,0.40869565217391307,0.0742180249958797,0.03115554876893576,-0.043062476226943945,0.41200000000000003,0.5239999999999999,0.11199999999999988,0.10900122849547159,0.11654338154306983,0.007542153047598241,0.06922465213558426,0.06894314855405673,-0.00028150358152753685
6851.6,NewPoint,4.59,5,1,213,Low_Rest,Low_Rest,0.0,0.0,1.0,0.0,1.0,0.0,0.0,0.0,0.0,0.0,0.0,0.0,1.0,0.0,0.0,0.0,0.5478260869565217,0.045701930465025846,0.019225047713266413,-0.026476882751759433,0.5345454545454544,0.35999999999999993,-0.1745454545454545,0.11884308620688443,0.10290804525515086,-0.015935040951733564,0.07313931128241309,0.0622087296114383,-0.010930581670974791
6857.03,NewPoint,5.43,5,1,214,Low_Rest,Low_Rest,1.0,1.0,0.0,0.0,1.0,0.0,0.0,0.0,0.0,0.0,0.0,0.0,1.0,0.0,0.0,0.0,0.45217391304347826,0.0855109600318038,0.0070862269032668885,-0.07842473312853691,0.5039999999999999,0.6239999999999999,0.12,0.10362309111945858,0.08498449990806316,-0.018638591211395425,0.06763376244870552,0.06518951682452048,-0.0024442456241850347
6874.77,NewPoint,17.73,5,1,215,Low_Rest,Low_Rest,1.0,1.0,0.0,0.0,1.0,0.0,0.0,0.0,0.0,0.0,0.0,0.0,1.0,0.0,0.0,0.0,0.4608695652173913,0.09826682998094251,0.023451554287989094,-0.07481527569295342,0.18,0.388,0.20800000000000002,0.11938328208802847,0.11934420974926385,-3.907233876461469e-05,0.07045616696882424,0.07186910744695166,0.001412940478127414
6899.33,NewPoint,24.57,5,1,216,Low_Rest,Low_Rest,0.0,0.0,1.0,1.0,1.0,0.0,0.0,1.0,0.0,0.0,0.0,1.0,0.0,0.0,0.0,0.0,0.5826086956521739,0.09886989495659407,0.11352220498338854,0.014652310026794471,0.20400000000000001,0.2840000000000001,0.08000000000000007,0.13293290209017747,0.09252240571581878,-0.04041049637435869,0.08171481869237283,0.057718295674557954,-0.02399652301781488
6902.07,NewPoint,2.74,5,1,217,Low_Rest,Low_Rest,1.0,1.0,0.0,0.0,1.0,0.0,0.0,1.0,0.0,0.0,0.0,0.0,1.0,1.0,0.0,0.0,0.5304347826086957,0.09191038797966895,0.006586461749636005,-0.08532392623003295,0.328,0.156,-0.17200000000000001,0.09230049196442083,0.06993018537781968,-0.02237030658660115,0.06050886974282067,0.04589326123467693,-0.014615608508143745
6918.31,NewPoint,16.24,5,1,218,Low_Rest,Low_Rest,0.0,0.0,1.0,1.0,1.0,1.0,0.0,0.0,0.0,0.0,0.0,0.0,1.0,0.0,0.0,0.0,0.4,0.08929133747141162,0.03853454251793688,-0.05075679495347474,0.372,0.35600000000000004,-0.01599999999999996,0.09801132534944565,0.09040946456957054,-0.007601860779875111,0.0668473525066951,0.06853778158639567,0.0016904290797005728
6932.5,NewPoint,14.19,5,1,219,Low_Rest,Low_Rest,1.0,1.0,0.0,0.0,1.0,0.0,1.0,0.0,0.0,0.0,0.0,0.0,0.0,0.0,0.0,0.0,0.28695652173913044,0.1458240682400311,0.047043175233601596,-0.0987808930064295,0.4327272727272728,0.28,-0.15272727272727277,0.1161557648645209,0.14356336901288438,0.02740760414836349,0.07189071028592951,0.07855326023715678,0.006662549951227267
6979.95,NewPoint,47.45,6,1,220,Low_Rest,Low_Rest,1.0,1.0,0.0,0.0,1.0,0.0,1.0,0.0,0.0,0.0,0.0,1.0,0.0,0.0,0.0,0.0,0.6347826086956522,0.04689563848801307,0.004970861147319132,-0.04192477734069394,0.31999999999999995,0.36,0.040000000000000036,0.19011800670717427,0.11461730924861888,-0.0755006974585554,0.10767925728155554,0.06473035949776343,-0.042948897783792114
6988.45,NewPoint,8.49,6,1,221,Low_Rest,Low_Rest,1.0,1.0,0.0,0.0,1.0,0.0,1.0,0.0,0.0,0.0,0.0,1.0,0.0,0.0,0.0,0.0,0.6,0.085992407478586,0.004083173798067681,-0.08190923368051832,0.324,0.12800000000000003,-0.19599999999999998,0.1446902576526554,0.08433197407311435,-0.06035828357954104,0.0686471202993249,0.05447611247006266,-0.014171007829262242
6999.91,NewPoint,11.46,6,1,222,Low_Rest,Low_Rest,1.0,1.0,0.0,0.0,1.0,0.0,1.0,0.0,0.0,0.0,0.0,1.0,0.0,0.0,0.0,0.0,0.5478260869565217,0.06861254946301179,0.018670910025173452,-0.04994163943783834,0.068,0.064,-0.0040000000000000036,0.13793480239827408,0.07851637562485056,-0.059418426773423516,0.07364726135116853,0.05558657649884293,-0.0180606848523256
7013.65,NewPoint,13.74,6,1,223,Low_Rest,Low_Rest,0.0,0.0,1.0,0.0,1.0,1.0,1.0,0.0,0.0,0.0,0.0,0.0,1.0,0.0,0.0,0.0,0.48695652173913045,0.07122332748634144,0.03795127175605736,-0.033272055730284085,0.0,0.0,0.0,0.08537765229204558,0.08367311360530291,-0.0017045386867426682,0.06033693862185169,0.05891387342487414,-0.0014230651969775465
7046.69,NewPoint,33.04,6,1,224,Low_Rest,Low_Rest,0.0,0.0,1.0,0.0,1.0,0.0,0.0,0.0,0.0,0.0,0.0,0.0,1.0,1.0,0.0,0.0,0.4608695652173913,0.1458124173276691,0.06661877250499705,-0.07919364482267206,0.41200000000000003,0.144,-0.268,0.10763666988410632,0.11309967448724642,0.005463004603140101,0.0758145531813246,0.0730195535861231,-0.0027949995952015055
7078.23,NewPoint,31.55,6,1,225,Low_Rest,Low_Rest,0.0,0.0,1.0,0.0,1.0,0.0,0.0,0.0,0.0,0.0,0.0,0.0,0.0,1.0,0.0,0.0,0.4260869565217391,0.1244638099732968,0.06444626946092252,-0.060017540512374276,0.5440000000000002,0.188,-0.35600000000000015,0.10281023585830498,0.11359672516917763,0.010786489310872643,0.07220484399906842,0.07397621434895468,0.001771370349886267
7140.02,NewPoint,61.79,6,1,226,Low_Rest,Low_Rest,0.0,0.0,1.0,0.0,1.0,0.0,0.0,0.0,0.0,0.0,0.0,0.0,1.0,1.0,0.0,0.0,0.40869565217391307,0.08735762747140655,0.04213053901038559,-0.045227088461020956,0.544,0.40800000000000003,-0.136,0.09053292765691877,0.08848642258991361,-0.0020465050670051554,0.06229693591137253,0.06928435609741784,0.006987420186045312
7142.97,NewPoint,2.95,6,1,227,Low_Rest,Low_Rest,0.0,0.0,1.0,0.0,0.0,0.0,0.0,0.0,0.0,0.0,0.0,0.0,1.0,1.0,0.0,0.0,0.4434782608695652,0.04398208701206065,0.021467104002678233,-0.022514983009382414,0.392,0.36800000000000005,-0.023999999999999966,0.08823774161338237,0.08092223854910825,-0.007315503064274115,0.06912273517083496,0.06580256592243443,-0.003320169248400534
7169.34,NewPoint,26.38,6,1,228,Low_Rest,Low_Rest,1.0,1.0,0.0,0.0,1.0,0.0,0.0,0.0,0.0,0.0,0.0,1.0,0.0,0.0,0.0,0.0,0.28695652173913044,0.12014654743657967,0.026297059999359263,-0.09384948743722041,0.24800000000000005,0.4960000000000001,0.24800000000000005,0.10327079093426979,0.18244068247039152,0.07916989153612174,0.07663560364773787,0.10403254174748162,0.02739693809974375
7228.91,NewPoint,59.57,7,1,229,Low_Rest,Low_Rest,0.0,0.0,1.0,0.0,1.0,0.0,1.0,0.0,0.0,0.0,0.0,0.0,1.0,0.0,0.0,0.0,0.391304347826087,0.028288353482495077,0.011950020011397465,-0.016338333471097612,0.024,0.13200000000000003,0.10800000000000004,0.09454621929382905,0.08856291507217132,-0.005983304221657729,0.054513744555973,0.054987543966995754,0.00047379941102275447
7261.99,NewPoint,33.08,7,1,230,Low_Rest,Low_Rest,1.0,1.0,0.0,0.0,1.0,0.0,1.0,0.0,0.0,0.0,0.0,0.0,1.0,0.0,0.0,0.0,0.5304347826086957,0.010519069751398887,0.004531251952000028,-0.005987817799398858,0.16399999999999998,0.06,-0.10399999999999998,0.07166348640966061,0.05604369671897743,-0.01561978969068318,0.0503851377612418,0.041938186118051446,-0.008446951643190356
7297.17,NewPoint,35.19,7,1,231,Low_Rest,Low_Rest,1.0,1.0,0.0,0.0,1.0,0.0,1.0,0.0,0.0,0.0,0.0,0.0,1.0,0.0,0.0,0.0,0.48695652173913045,0.021808443750597994,0.007707508999084447,-0.014100934751513547,0.12400000000000003,0.084,-0.04000000000000002,0.07068704117224697,0.059887520833314986,-0.010799520338931987,0.04907027440522227,0.04401152944968735,-0.005058744955534919
7315.43,NewPoint,18.26,7,1,232,Low_Rest,Low_Rest,0.0,0.0,1.0,0.0,1.0,0.0,1.0,0.0,0.0,0.0,0.0,0.0,1.0,1.0,0.0,0.0,0.5565217391304348,0.016070655756572218,0.002985954047367668,-0.01308470170920455,0.0,0.10400000000000001,0.10400000000000001,0.08056299242442325,0.07320213596018413,-0.007360856464239118,0.05292659207753088,0.04433875571208951,-0.008587836365441366
7330.83,NewPoint,15.4,7,1,233,Low_Rest,Low_Rest,1.0,1.0,0.0,0.0,1.0,0.0,1.0,0.0,0.0,0.0,0.0,0.0,1.0,0.0,0.0,0.0,0.4434782608695652,0.01199169074902685,0.0029521344498322187,-0.009039556299194632,0.156,0.192,0.036000000000000004,0.06856651937215577,0.06979835175848079,0.0012318323863250158,0.049232451781873895,0.04641704037037239,-0.0028154114115015033
7362.88,NewPoint,32.05,7,1,234,Low_Rest,Low_Rest,1.0,1.0,0.0,0.0,1.0,0.0,1.0,0.0,0.0,0.0,0.0,0.0,1.0,0.0,0.0,0.0,0.43478260869565216,0.007651734750931563,0.002573096895746061,-0.005078637855185502,0.05600000000000001,0.188,0.132,0.11001719287612147,0.056285282743094155,-0.05373191013302731,0.04805861862392108,0.0449753515333559,-0.003083267090565181
7418.58,NewPoint,55.7,7,1,235,Low_Rest,Low_Rest,0.0,0.0,1.0,0.0,1.0,0.0,1.0,0.0,0.0,0.0,0.0,0.0,0.0,0.0,1.0,0.0,0.41739130434782606,0.15576451503434904,0.04635121173826524,-0.10941330329608381,0.25999999999999995,0.2800000000000001,0.02000000000000013,0.05706740811802635,0.06649988551049821,0.009432477392471855,0.045062856142124824,0.045063490853457636,6.347113328114551e-07
7467.21,NewPoint,48.63,7,1,236,Low_Rest,Low_Rest,0.0,0.0,1.0,0.0,1.0,0.0,0.0,0.0,0.0,0.0,0.0,0.0,1.0,1.0,0.0,0.0,0.40869565217391307,0.2029416876136862,0.053012772508073,-0.14992891510561318,0.304,0.008,-0.296,0.0645482311750149,0.06903226776708836,0.0044840365920734565,0.04832046828125931,0.04786472031476873,-0.0004557479664905814
7477.77,NewPoint,10.57,7,1,237,Low_Rest,Low_Rest,0.0,0.0,1.0,0.0,1.0,0.0,1.0,0.0,0.0,0.0,0.0,0.0,1.0,1.0,1.0,0.0,0.4,0.03044550600628466,0.01530448949849698,-0.01514101650778768,0.28400000000000003,0.43600000000000005,0.15200000000000002,0.06838799148432248,0.06677806328415843,-0.0016099282001640486,0.04417770260303367,0.043455697383125,-0.0007220052199086724
7517.61,NewPoint,39.83,7,1,238,Low_Rest,Low_Rest,0.0,0.0,1.0,0.0,0.0,0.0,1.0,0.0,0.0,0.0,0.0,0.0,1.0,1.0,0.0,0.0,0.40869565217391307,0.008628546254414969,0.006943774750111142,-0.0016847715043038268,0.2,0.092,-0.10800000000000001,0.07889111493642546,0.0884052745456975,0.00951415960927203,0.046540176226689475,0.048159152612231734,0.001618976385542259
7525.88,NewPoint,8.27,7,1,239,Low_Rest,Low_Rest,1.0,1.0,0.0,0.0,1.0,0.0,1.0,1.0,0.0,0.0,0.0,0.0,1.0,1.0,0.0,0.0,0.3739130434782609,0.009870288495430384,0.0056095387011443325,-0.004260749794286051,0.05600000000000001,0.02,-0.036000000000000004,0.05414002675780018,0.06024383443525474,0.0061038076774545605,0.04242482438187264,0.04264036664562378,0.00021554226375114505
7588.47,NewPoint,62.59,8,1,240,Low_Rest,Low_Rest,0.0,0.0,1.0,0.0,1.0,0.0,0.0,0.0,0.0,0.0,0.0,0.0,0.0,1.0,0.0,0.0,0.3826086956521739,0.037925428502525456,0.011675574008963335,-0.02624985449356212,0.0,0.6,0.6,0.09265193615919552,0.08928241594906641,-0.0033695202101291094,0.056457838992570654,0.058787857610986094,0.00233001861841544
7660.48,NewPoint,72.02,8,1,241,Low_Rest,Low_Rest,0.0,0.0,1.0,0.0,1.0,0.0,0.0,0.0,0.0,0.0,0.0,0.0,1.0,0.0,0.0,0.0,0.4260869565217391,0.11822463751079945,0.023127647740882322,-0.09509698976991712,0.22400000000000003,0.044,-0.18000000000000005,0.07570948418552545,0.08129909509138475,0.005589610905859299,0.050940799329887335,0.05566180139439771,0.004721002064510378
7711.69,NewPoint,51.2,8,1,242,Low_Rest,Low_Rest,0.0,1.0,0.0,0.0,1.0,0.0,0.0,0.0,0.0,0.0,0.0,0.0,1.0,0.0,0.0,0.0,0.4260869565217391,0.12181159000606578,0.01072799969897508,-0.11108359030709071,0.324,0.18,-0.14400000000000002,0.07687180067134725,0.07746167414567487,0.0005898734743276235,0.05523561219950825,0.05129432158624251,-0.003941290613265737
7744.9,NewPoint,33.21,8,1,243,Low_Rest,Low_Rest,1.0,1.0,0.0,0.0,1.0,0.0,0.0,0.0,0.0,0.0,0.0,0.0,1.0,0.0,0.0,0.0,0.4260869565217391,0.010540917000560677,0.002066047171826835,-0.008474869828733841,0.42000000000000004,0.532,0.11199999999999999,0.0636562644734734,0.07863974330298555,0.014983478829512148,0.04689493151998036,0.04882393031826176,0.0019289987982814005
7916.2,NewPoint,171.3,8,1,244,Low_Rest,Low_Rest,0.0,0.0,1.0,0.0,1.0,0.0,0.0,0.0,0.0,0.0,0.0,0.0,1.0,1.0,0.0,0.0,0.4956521739130435,0.1308857425266747,0.056392989530905144,-0.07449275299576956,0.40800000000000003,0.41200000000000003,0.0040000000000000036,0.17483127912333127,0.14357482405149471,-0.03125645507183655,0.10423899144864136,0.09629009778948192,-0.007948893659159448
7942.63,NewPoint,26.43,8,1,245,Low_Rest,Low_Rest,0.0,0.0,1.0,0.0,1.0,0.0,0.0,0.0,0.0,0.0,0.0,0.0,1.0,1.0,0.0,0.0,0.4782608695652174,0.09810349749053564,0.06177764548824012,-0.03632585200229552,0.508,0.13599999999999998,-0.372,0.14950168990044882,0.13311582279976228,-0.01638586710068654,0.08084300994414836,0.07299566277788545,-0.00784734716626291
8025.96,NewPoint,83.33,8,1,246,Low_Rest,Low_Rest,0.0,0.0,1.0,0.0,1.0,0.0,0.0,0.0,0.0,0.0,0.0,0.0,1.0,1.0,0.0,0.0,0.4608695652173913,0.16152229259147713,0.08549482300614443,-0.0760274695853327,0.656,0.708,0.051999999999999935,0.13191012597300136,0.217385756090185,0.08547563011718365,0.08856610693655373,0.07990618190660226,-0.00865992502995147
8042.22,NewPoint,16.26,8,1,247,Low_Rest,Low_Rest,1.0,1.0,0.0,0.0,1.0,0.0,0.0,0.0,0.0,0.0,0.0,1.0,0.0,0.0,0.0,0.0,0.0,0.144029235053745,0.13991603446790263,-0.004113200585842358,0.5080000000000001,0.708,0.19999999999999984,0.10787877894400648,,,0.08005904052093041,,
