TIME,LABEL,Set,Movement,Moment,Since,Type,end,Sequence,Rest,Gap,Connect,Elide,Phr_end,Phr_begining,Rubato,Rit,Fermata,Precision,Cresc,Fp,Diminuendo,TextDec,Drone,TextInc,revisedT,old_TIME,old_Ratio,Ratio,SoundAmp_pre,SoundAmp_post,SoundAmp_shift,OnsetRate_pre,OnsetRate_post,OnsetRate_shift,QoMmean_pre,QoMmean_post,QoMmean_shift,QoMmedian_pre,QoMmedian_post,QoMmedian_shift
61.32,2.5,1,1,1,3.9,Rest,0.0,0.0,1,0,0,0,1.0,0.0,0,0,0,1,0,0,1,1,0,0,0,61.32,0.3826086957,0.4117647058823529,0.1087462324315025,0.0031393983736826767,-0.10560683405781982,0.18400000000000002,0.068,-0.11600000000000002,0.08955645422477229,0.10329356358815553,0.013737109363383238,0.06530713367531774,0.07505684788789971,0.009749714212581972
65.837,4.5,1,1,2,4.52,Rest_beat,0.0,0.0,1,0,0,0,1.0,0.0,1,0,0,1,0,0,0,0,0,0,0,65.837,0.4956521739,0.5529411764705883,0.09103149347253349,0.009883616343291986,-0.0811478771292415,0.22800000000000004,0.16399999999999998,-0.06400000000000006,0.09371856338587056,0.07687643240227286,-0.0168421309835977,0.06523118351635485,0.061526223933184354,-0.003704959583170492
79.016,10.25,1,1,3,13.18,Rest_beat,0.0,0.0,1,0,0,0,1.0,0.0,1,0,0,1,0,0,1,1,0,0,0,79.016,0.5565217391,0.5529411764705883,0.0447344157507991,0.0027730318291523627,-0.04196138392164674,0.488,0.076,-0.412,0.09598262172476302,0.07999956714079903,-0.015983054583963985,0.07170115465146006,0.06623136386567306,-0.005469790785786993
88.74666667,13,1,1,4,9.24,Low_onset,0.0,0.0,0,0,1,0,1.0,1.0,0,0,0,2,0,0,1,0,0,0,1,88.256,0.4869565217,0.5411764705882353,0.047425322750974906,0.010802302748234386,-0.03662302000274052,0.172,0.14,-0.03199999999999997,0.0842737859562558,0.07445387212163534,-0.009819913834620456,0.06740255478693788,0.06550951811498174,-0.0018930366719561442
96.04266667,17 x,1,1,5,6.55,Low_onset,0.0,0.0,0,0,0,1,1.0,1.0,0,0,0,2,1,0,0,1,0,0,1,94.808,0.4086956522,0.4235294117647059,0.08051949752800705,0.039103356470802694,-0.041416141057204356,0.5,0.4,-0.09999999999999998,0.07214082876587988,0.08186691688446923,0.009726088118589354,0.06117331394305488,0.06650464941756162,0.005331335474506746
111.5733333,25.5,1,1,6,16.28,Low_onset,0.0,0.0,0,0,1,0,1.0,1.0,0,0,0,2,0,0,0,1,0,0,1,111.085,0.4260869565,0.49411764705882355,0.07086577159774464,0.016272930017277646,-0.054592841580467,0.40800000000000003,0.16799999999999998,-0.24000000000000005,0.09634122890007726,0.08278716025496603,-0.01355406864511123,0.07186246394587562,0.06503506122730983,-0.0068274027185657865
115.2853333,27.5,1,1,7,3.7,2nd in sequence,0.0,1.0,0,0,1,0,0.5,0.5,0,0,0,2,0,0,0,1,0,0,1,114.781,0.347826087,0.5176470588235295,0.014281803251222682,0.03668171450324696,0.022399911252024278,0.24,0.23200000000000004,-0.007999999999999952,0.07875321800441148,0.08591836357539619,0.007165145570984702,0.06076700313639151,0.06416079077283315,0.0033937876364416447
119.0186667,29.5,1,1,8,3.73,Low_onset,0.0,0.0,0,0,1,0,1.0,1.0,1,0,0,2,0,0,0,1,0,0,1,118.515,0.452173913,0.5058823529411764,0.02101168001894696,0.014141246002056903,-0.006870434016890057,0.25599999999999995,0.172,-0.08399999999999996,0.08705741951955578,0.08129593437860433,-0.005761485140951456,0.07281323954775076,0.06530059429823794,-0.007512645249512825
133.376,37,1,1,9,14.64,Low_onset,0.0,0.0,0,0,1,0,1.0,1.0,1,0,0,2,0,0,1,0,0,0,1,133.152,0.4,0.5058823529411764,0.05050177498788886,0.03237322601902198,-0.018128548968866877,0.43200000000000005,0.284,-0.14800000000000008,0.08605004052753959,0.08704697137866682,0.0009969308511272312,0.07161662525016002,0.07015513816291322,-0.0014614870872468044
139.1786667,40,1,1,10,5.67,Low_onset,0.0,0.0,0,0,1,0,1.0,1.0,0,0,0,2,1,1,0,0,0,0,1,138.824,0.4173913043,0.5058823529411764,0.051293112960737776,0.019664738499819232,-0.03162837446091854,0.5039999999999999,0.23200000000000004,-0.27199999999999985,0.09714412299977403,0.0885721089386523,-0.008572014061121722,0.07337064132383925,0.0713745228677473,-0.001996118456091947
146.165,44,1,1,11,7.34,Low_onset,0.0,0.0,0,0,1,1,1.0,1.0,0,0,0,2,0,0,1,0,0,0,0,146.165,0.5304347826,0.5529411764705883,0.12572617743909204,0.02106725199828305,-0.10465892544080899,0.5039999999999999,0.08,-0.4239999999999999,0.093364460660191,0.10869195607213285,0.015327495411941852,0.07209129578167996,0.07078263078315933,-0.0013086649985206283
149.893,46,1,1,12,3.73,Low_onset,0.0,0.0,0,0,1,1,1.0,1.0,0,0,0,2,0,0,0,1,0,0,0,149.893,0.4086956522,0.4117647058823529,0.024710999498411785,0.04203593225187903,0.017324932753467245,0.176,0.22400000000000003,0.04800000000000004,0.09343693324936173,0.09489255862217752,0.0014556253728157942,0.07113122898051256,0.0781543200842368,0.007023091103724233
151.872,47,1,1,13,1.98,Low_onset,0.0,0.0,0,0,1,0,1.0,1.0,1,0,0,2,0,0,1,0,0,0,0,151.872,0.5391304348,0.5764705882352941,0.040308648478327075,0.039311638265447355,-0.0009970102128797204,0.388,0.17200000000000001,-0.216,0.09758460044678906,0.08699851822591437,-0.01058608222087469,0.0804885290344132,0.07205216659585703,-0.008436362438556166
157.92,49.99,1,1,14,6.05,Gap,0.0,0.0,0,1,0,0,1.0,1.0,1,0,0,1,1,1,0,0,0,0,0,157.92,0.547826087,0.5529411764705883,0.04790860398535046,0.05246925580693873,0.0045606518215882685,0.276,0.10400000000000001,-0.17200000000000001,0.08627388696798372,0.0763743185200492,-0.00989956844793452,0.07164481675157691,0.06662124294172424,-0.005023573809852674
173.952,58.25,1,1,15,16.03,Rest,0.0,0.0,1,1,0,0,1.0,1.0,1,0,0,1,0,1,0,0,0,0,0,173.952,0.4695652174,0.49411764705882355,0.130996732554402,0.025306220203089876,-0.10569051235131213,0.6199999999999999,0.028000000000000004,-0.5919999999999999,0.0883600031828224,0.07839222336297166,-0.009967779819850739,0.06267265341405585,0.06215000050725502,-0.0005226529068008343
176.16,59.25,1,1,16,2.21,Rest,0.0,0.0,1,1,0,0,1.0,1.0,0,0,0,1,0,0,0,0,0,0,0,176.16,0.5739130435,0.5529411764705883,0.11775123504888603,0.004507792124802873,-0.11324344292408316,0.048,0.11600000000000002,0.06800000000000002,0.08221374913031537,0.07774903781872067,-0.004464711311594705,0.06578676793376378,0.06127032050229799,-0.0045164474314657935
178.536,60.25,1,1,17,2.38,Rest,0.0,0.0,1,1,0,0,1.0,1.0,0,0,0,1,0,0,0,0,0,0,0,178.536,0.4695652174,0.5058823529411764,0.011054062175734484,0.009872783750650971,-0.0011812784250835127,0.036,0.156,0.12,0.0802263860798346,0.08397276500412978,0.0037463789242951906,0.06446534010340062,0.06031147393772869,-0.004153866165671927
180.72,61.25,1,1,18,2.18,Rest,0.0,0.0,1,1,0,0,1.0,1.0,0,0,0,1,0,0,0,0,0,0,0,180.72,0.4956521739,0.5294117647058824,0.030690551998875874,0.005146731280514739,-0.025543820718361136,0.044,0.10800000000000001,0.06400000000000002,0.07833136369621461,0.07276837828666868,-0.005562985409545931,0.06022685784740711,0.05977217284115961,-0.00045468500624749886
183.36,62.25,1,1,19,2.64,Rest,0.0,0.0,1,1,0,0,1.0,1.0,0,0,0,1,0,0,0,1,0,0,0,183.36,0.5739130435,0.6470588235294118,0.0070298280298001755,0.006335493997927505,-0.0006943340318726707,0.06400000000000002,0.028000000000000004,-0.03600000000000001,0.07458074807451691,0.06554926818532929,-0.009031479889187621,0.06076420398946934,0.05609296121674543,-0.004671242772723912
193.032,66.25,1,1,20,9.67,Rest,0.0,0.0,1,1,0,0,1.0,1.0,0,0,0,1,0,0,1,1,0,0,0,193.032,0.4173913043,0.49411764705882355,0.050566351222699424,0.005525781103732816,-0.04504057011896661,0.144,0.068,-0.07599999999999998,0.07181637281563506,0.07666974071285329,0.004853367897218228,0.058232629372967505,0.0629065137853743,0.004673884412406799
222.864,80.75,1,1,21,29.83,Rest,0.0,0.0,1,1,0,0,1.0,1.0,0,0,0,1,0,1,0,1,0,0,0,222.864,0.5391304348,0.5764705882352941,0.09660882011466274,0.015200569544095871,-0.08140825057056686,0.4760000000000001,0.0,-0.4760000000000001,0.08056853456217553,0.08360143590376284,0.0030329013415873185,0.06763252246959349,0.061111899472356825,-0.006520622997236665
230.304,84.25,1,1,22,7.44,Rest,0.0,0.0,1,1,0,0,1.0,1.0,1,0,0,1,0,1,0,1,0,0,0,230.304,0.4695652174,0.5294117647058824,0.05545501699392089,0.012757477727346006,-0.04269753926657489,0.5359999999999999,0.06,-0.4759999999999999,0.10966818980308782,0.1015112476683456,-0.008156942134742218,0.06852218469385599,0.06891875145260294,0.00039656675874695513
235.8613333,86.75,1,1,23,5.04,Rest,0.0,0.0,0,1,0,0,1.0,1.0,1,0,0,1,1,0,0,0,0,0,1,235.344,0.4608695652,0.49411764705882355,0.05501308351403021,0.023224081747847358,-0.03178900176618285,0.35600000000000004,0.11200000000000002,-0.24400000000000002,0.09948189156766775,0.08406629363068295,-0.015415597936984798,0.06677048696526147,0.06816267594235606,0.0013921889770945883
238.464,87.5,1,1,24,2.35,Rest,0.0,0.0,0,1,0,0,1.0,1.0,0,1,0,1,0,0,1,0,0,0,1,237.696,0.547826087,0.5294117647058824,0.042325074980370345,0.011929448525154419,-0.030395626455215926,0.08,0.192,0.112,0.08820206449317464,0.08235228571338585,-0.005849778779788789,0.07079225213305103,0.06421951161997809,-0.006572740513072939
268.176,103.25,1,1,25,30.48,Elision,0.0,0.0,1,1,0,0,1.0,1.0,0,0,0,1,0,1,0,0,0,0,0,268.176,0.4869565217,0.5764705882352941,0.1108696825475934,0.016024798372059182,-0.09484488417553422,0.256,0.024,-0.232,0.09328128560040613,0.07564232949223906,-0.01763895610816707,0.0689214759303854,0.06177227800136732,-0.007149197929018081
281.952,109.25,1,1,26,13.78,Elision,0.0,0.0,1,1,0,0,0.0,0.0,0,0,0,1,0,0,0,0,0,0,0,281.952,0.547826087,0.611764705882353,0.05897164324250863,0.009431798351625345,-0.04953984489088328,0.22800000000000004,0.05600000000000001,-0.17200000000000004,0.08273426246640482,0.08148602746640704,-0.0012482349999977799,0.065600379439766,0.059865076461075514,-0.0057353029786904874
291.192,113.5,1,1,27,9.24,Elision,0.0,0.0,0,0,1,0,1.0,1.0,1,0,0,2,0,0,0,0,0,0,0,291.192,0.3826086957,0.38823529411764707,0.04713843522938635,0.009792775992574498,-0.03734565923681185,0.30000000000000004,0.15200000000000002,-0.14800000000000002,0.06564890446837338,0.06987307485981784,0.0042241703914444595,0.054967954864881374,0.060702264638589055,0.005734309773707681
307.4346667,121.25,1,1,28,15.82,Low_onset,0.0,0.0,0,0,0,1,1.0,1.0,0,0,0,2,1,1,0,1,0,0,1,307.011,0.5043478261,0.5176470588235295,0.14891313509095866,0.02776533972152087,-0.12114779536943779,0.2,0.08800000000000001,-0.112,0.08083866273437793,0.07669546423944584,-0.004143198494932082,0.0652498578726842,0.06433986349852447,-0.0009099943741597283
313.9626667,124.5,1,1,29,6.44,Low_Onset,0.0,0.0,0,0,0,1,1.0,1.0,1,0,0,2,0,0,0,1,0,0,1,313.451,0.4956521739,0.4823529411764706,0.05509842747339979,0.03893185255140087,-0.016166574921998918,0.292,0.192,-0.09999999999999998,0.09007373134137134,0.08404075840111278,-0.006032972940258563,0.06882980133331791,0.06749673252813476,-0.001333068805183149
333.648,135,1,1,30,20.2,Elision,0.0,0.0,0,0,0,1,1.0,1.0,1,0,0,2,0,1,1,1,0,0,0,333.648,0.452173913,0.47058823529411764,0.06600430247304175,0.02541338675645217,-0.04059091571658957,0.2880000000000001,0.35200000000000004,0.06399999999999995,0.082690750574362,0.07346737550141581,-0.009223375072946183,0.06392968067078889,0.06486305773144371,0.0009333770606548275
352.44,145,1,1,31,18.79,Low_Onset,0.0,0.0,0,0,0,1,1.0,1.0,0,0,0,2,0,0,1,1,0,0,0,352.44,0.5043478261,0.5294117647058824,0.0839788380070401,0.014180659513564503,-0.0697981784934756,0.324,0.08399999999999999,-0.24000000000000002,0.0792131754303425,0.07032950691175315,-0.00888366851858935,0.06775556873961903,0.06458948112148641,-0.0031660876181326264
364.186,150.99,1,1,32,11.75,Low_Onset,0.0,0.0,0,1,0,0,1.0,1.0,1,0,0,2,1,1,0,0,0,0,0,364.186,0.5913043478,0.5647058823529412,0.055347885972401104,0.02199920350184594,-0.03334868247055516,0.33199999999999996,0.15600000000000003,-0.17599999999999993,0.09447007817935128,0.08948534256373121,-0.004984735615620073,0.0731091428503017,0.06827316406047615,-0.004835978789825557
380.6293333,159.25,1,1,33,16.21,Elision,0.0,0.0,1,1,0,0,1.0,1.0,0,0,0,1,1,1,0,0,0,0,1,380.4,0.4695652174,0.5176470588235295,0.09344140502764739,0.01130971960025946,-0.08213168542738793,0.43200000000000005,0.08,-0.35200000000000004,0.09440597837163525,0.09947581834198915,0.005069839970353901,0.0709199153674047,0.06788117556993203,-0.00303873979747267
382.824,160.25,1,1,34,2.42,Low_Onset,0.0,0.0,1,1,0,0,1.0,1.0,0,0,0,1,0,0,0,0,0,0,0,382.824,0.5217391304,0.5764705882352941,0.07881577751698252,0.0035427269275629613,-0.07527305058941955,0.012,0.22000000000000003,0.20800000000000002,0.10365577508593138,0.0764519438394216,-0.027203831246509783,0.06941054347535947,0.06003775640035075,-0.009372787075008715
385.2,161.25,1,1,35,2.38,Low_Onset,0.0,0.0,1,1,0,0,1.0,1.0,0,0,0,1,0,0,0,0,0,0,0,385.2,0.4173913043,0.4235294117647059,0.019330901294841697,0.005749444570153321,-0.013581456724688377,0.032,0.11636363636363636,0.08436363636363636,0.07599022831597955,0.0706996588904932,-0.0052905694254863495,0.060511421811806916,0.05845441297768719,-0.0020570088341197237
387.384,162.25,1,1,36,2.18,Low_Onset,0.0,0.0,1,1,0,0,1.0,1.0,0,0,0,1,0,0,0,0,0,0,0,387.384,0.4,0.4588235294117647,0.031224955009185724,0.0036834559764875943,-0.02754149903269813,0.06,0.164,0.10400000000000001,0.0722002178059711,0.07852363996783204,0.0063234221618609365,0.061017997850849645,0.05973009173611279,-0.0012879061147368573
390.1226667,163.25,1,1,37,2.41,Low_Onset,0.0,0.0,1,1,0,0,1.0,1.0,0,0,0,1,0,0,0,0,0,0,1,389.797,0.4956521739,0.5529411764705883,0.0036834559764875943,0.0033897852330715033,-0.00029367074341609106,0.164,0.008,-0.156,0.07852363996783204,0.07400660616088238,-0.0045170338069496635,0.05973009173611279,0.054982758080233195,-0.004747333655879593
394.4533333,165.25,1,1,38,4.37,Gap,0.0,0.0,0,0,1,0,1.0,1.0,1,0,0,2,0,1,0,0,0,0,1,394.165,0.4173913043,0.4235294117647059,0.008504600145251015,0.006674279627797973,-0.001830320517453042,0.24400000000000005,0.18000000000000002,-0.06400000000000003,0.074913811479507,0.07553335641253585,0.0006195449330288483,0.05894942311903002,0.0626068505978532,0.0036574274788231803
419.197,178 x,1,1,39,25.03,Low_Onset,0.0,0.0,0,0,1,1,1.0,1.0,1,0,0,2,0,1,0,0,0,0,0,419.197,0.5130434783,0.5294117647058824,0.10973625348053842,0.064516997503446,-0.04521925597709242,0.344,0.152,-0.19199999999999998,0.08236841350259219,0.07098509786110827,-0.011383315641483926,0.06680092247735539,0.06172903285676441,-0.0050718896205909775
427.205,181.99,1,1,40,8.01,Low_Onset,0.0,0.0,0,1,0,0,1.0,1.0,1,0,0,1,1,1,0,1,0,0,0,427.205,0.5565217391,0.5764705882352941,0.08833180250700132,0.02768960575915578,-0.06064219674784554,0.356,0.192,-0.16399999999999998,0.08375625905268572,0.07176732195795797,-0.011988937094727745,0.0712283495381366,0.06043891155991203,-0.01078943797822457
430.68,183.5,1,1,41,3.48,Rest,0.0,0.0,1,1,0,0,1.0,0.0,1,0,0,1,1,0,0,0,0,0,0,430.68,0.452173913,0.4,0.044541839502366724,0.004124993998909303,-0.04041684550345742,0.26800000000000007,0.11200000000000002,-0.15600000000000006,0.0748549018185842,0.10310683470175105,0.028251932883166853,0.06225994922160953,0.06422279166181616,0.0019628424402066275
436.2453333,185.67,1,1,42,5.24,Rest,0.0,0.0,0,1,0,0,1.0,1.0,1,0,0,1,1,1,0,0,0,0,1,435.922,0.5043478261,0.611764705882353,0.15406818247779422,0.009584324656831808,-0.1444838578209624,0.29200000000000004,0.064,-0.22800000000000004,0.09022522179748457,0.08257177646054185,-0.0076534453369427186,0.0693932705600193,0.0621311206948509,-0.007262149865168405
452.48,191.68,1,1,43,17.49,Rest,0.0,0.0,0,1,1,0,1.0,1.0,0,1,1,1,0,1,0,0,0,0,1,453.413,0.4695652174,0.611764705882353,0.17940764746182866,0.007294165253106827,-0.17211348220872183,0.25600000000000006,0.064,-0.19200000000000006,0.0823337186359396,0.09845308753597233,0.016119368900032724,0.06892881949900641,0.06361326578411267,-0.005315553714893742
457.632,e-1,1,1,44,4.22,Rest,0.0,0.0,1,1,0,0,1.0,0.0,1,0,1,1,0,0,1,0,0,0,0,457.632,0.547826087,0.6,0.030364004473566415,0.003225100425002055,-0.02713890404856436,0.43600000000000005,0.0,-0.43600000000000005,0.06987697216490048,0.07002267466781821,0.0001457025029177328,0.06223724278990341,0.05713106450921819,-0.005106178280685221
488.64,22.33,1,2,45,30.35,0,0.0,0.0,0,0,1,1,1.0,0.0,0,0,0,2,0,0,1,0,0,0,1,487.98,0.5913043478,0.6,0.18354211997234784,0.028620321497687597,-0.15492179847466025,0.296,0.08,-0.21599999999999997,0.10623458724576958,0.08359260380417108,-0.0226419834415985,0.07616984560087652,0.0655167044535266,-0.010653141147349915
497.0453333,38,1,2,46,8.36,0,0.0,0.0,0,0,1,1,1.0,0.0,0,0,0,2,0,0,1,0,0,0,1,496.35,0.5130434783,0.5529411764705883,0.20234432009017062,0.031132952986267386,-0.17121136710390322,0.396,0.088,-0.30800000000000005,0.08475376882410102,0.07694948425889839,-0.007804284565202629,0.06946076265773754,0.06518331952915962,-0.004277443128577918
515.264,22.33,1,2,47,18.2,0,0.0,0.0,0,0,1,0,0.0,1.0,0,0,0,2,0,0,1,1,0,0,1,514.55,0.5130434783,0.5647058823529412,0.1905313274771186,0.020360836502665618,-0.17017049097445297,0.18000000000000002,0.064,-0.11600000000000002,0.09922673514361599,0.0822255904904118,-0.017001144653204195,0.0709859497182933,0.06324733031823877,-0.007738619400054533
524.0746667,38,1,2,48,8.45,0,0.0,0.0,0,0,0,1,0.0,0.0,0,0,0,2,0,0,1,0,0,0,1,523.0,0.5217391304,0.5058823529411764,0.23228096000022277,0.039973359025204276,-0.1923076009750185,0.2720000000000001,0.176,-0.09600000000000009,0.08698942909553153,0.09007670141167376,0.0030872723161422255,0.06660090757642882,0.07038900510259756,0.0037880975261687377
602.8373333,187,1,2,49,76.73,0,0.0,0.0,0,0,0,1,0.0,0.0,0,0,0,2,0,0,1,0,0,0,1,599.73,0.547826087,0.5294117647058824,0.029406696245595332,0.0333889460048832,0.003982249759287869,0.368,0.13999999999999999,-0.228,0.08724635250671248,0.07507561016780592,-0.012170742338906554,0.06830086956131402,0.06374577029026189,-0.004555099271052132
619.752,222.33,1,2,50,19.03,0,0.0,0.0,0,0,1,1,1.0,0.0,0,0,0,2,0,0,1,0,0,0,1,618.76,0.5652173913,0.5764705882352941,0.14809837498086487,0.029663541240022313,-0.11843483374084256,0.096,0.21200000000000002,0.11600000000000002,0.10226106641199117,0.08924572531911765,-0.013015341092873528,0.07293014591881482,0.06782658763921329,-0.0051035582796015305
628.8,238,1,2,51,8.49,0,0.0,0.0,0,0,1,1,1.0,0.0,0,0,0,2,0,0,1,0,0,0,1,627.25,0.5130434783,0.5764705882352941,0.24672304500240266,0.04166272672086662,-0.20506031828153604,0.25200000000000006,0.11600000000000002,-0.13600000000000004,0.08918626323946012,0.09019915282996324,0.0010128895905031216,0.0726207393902169,0.06951843020046015,-0.0031023091897567495
646.656,222.33,1,2,52,18.28,0,0.0,0.0,0,0,1,1,1.0,0.0,0,0,0,2,0,0,1,0,0,0,1,645.53,0.5652173913,0.6235294117647059,0.1696376699637429,0.019486209003875172,-0.15015146095986773,0.1,0.124,0.023999999999999994,0.0876554595678608,0.07334750562030361,-0.014307953947557198,0.07076402383870102,0.05901562279267776,-0.01174840104602326
655.632,238,1,2,53,8.59,0,0.0,0.0,0,0,1,1,1.0,0.0,0,0,0,2,0,0,1,0,0,0,1,654.12,0.4434782609,0.6470588235294118,0.23341847752408912,0.037566316783128655,-0.19585216074096046,0.184,0.128,-0.055999999999999994,0.10562578138682935,0.09304960396628728,-0.012576177420542067,0.07368200084942232,0.06761962660532961,-0.006062374244092714
670.152,268,1,2,54,15.56,0,0.0,0.0,0,0,1,1,1.0,0.0,0,0,0,2,0,0,1,0,0,0,1,669.68,0.452173913,0.5176470588235295,0.04773052614710171,0.017481175759287974,-0.030249350387813734,0.17600000000000002,0.092,-0.08400000000000002,0.09235944221758294,0.09374323373713635,0.0013837915195534095,0.06721720436178834,0.06021657083474115,-0.00700063352704719
672.59,e-1,1,2,55,2.92,0,0.0,0.0,1,1,0,0,1.0,0.0,0,0,0,1,0,1,0,0,0,0,0,672.59,0.5130434783,0.43529411764705883,0.028413074503492952,0.010070720003797537,-0.018342354499695415,0.11200000000000002,0.004,-0.10800000000000001,0.0966560877746884,0.1095220959973103,0.012866008222621905,0.06299836834751141,0.06964873035697673,0.006650362009465324
716.28,2.99,1,3,56,43.09,0,0.0,0.0,0,1,0,0,0.0,0.0,1,0,0,1,1,0,0,0,0,0,1,715.68,0.4782608696,0.5176470588235295,0.031488486999158155,0.009501083998518057,-0.021987403000640098,0.196,0.1,-0.096,0.07717636244401431,0.06800902848112943,-0.009167333962884883,0.06587626322914295,0.058334701340384945,-0.007541561888758
787.56,12.83,1,3,57,71.33,0,0.0,0.0,0,0,1,1,0.0,0.0,1,0,0,2,0,0,1,0,0,0,1,787.01,0.452173913,0.5529411764705883,0.02480216201440686,0.015117637752138396,-0.009684524262268464,0.364,0.21600000000000003,-0.14799999999999996,0.0700587373226742,0.0691715545889116,-0.0008871827337626065,0.0606302496781726,0.057768517310059664,-0.0028617323681129347
819.744,17.33,1,3,58,31.97,0,0.0,0.0,0,0,1,1,1.0,1.0,1,0,0,2,0,0,1,0,0,0,1,818.98,0.4956521739,0.5294117647058824,0.06497495169690634,0.008159722682586454,-0.05681522901431989,0.196,0.144,-0.05200000000000002,0.06967924757046431,0.07162646893772474,0.0019472213672604294,0.05987882510974642,0.05543813623213114,-0.004440688877615277
827.088,18.33,1,3,59,7.09,0,0.0,0.0,0,0,1,0,1.0,0.0,1,0,0,2,0,0,1,1,0,0,1,826.07,0.4347826087,0.49411764705882355,0.06409512001839304,0.004209686246229491,-0.05988543377216355,0.088,0.05600000000000001,-0.03199999999999999,0.07782752439915235,0.07509685719457046,-0.0027306672045818853,0.06391323827600584,0.06164948967475422,-0.002263748601251621
838.368,19.83,1,3,60,10.76,0,0.0,0.0,0,0,1,0,1.0,0.0,1,0,0,2,0,0,1,1,0,0,1,836.83,0.4695652174,0.6,0.015806074997441025,0.006782515245363878,-0.009023559752077148,0.26400000000000007,0.10400000000000001,-0.16000000000000006,0.07800398697871606,0.06058265579627675,-0.017421331182439312,0.058405339164956806,0.05233390533320163,-0.006071433831755173
844.968,20.83,1,3,61,7.27,Into repetions,0.0,1.0,0,0,1,1,0.0,1.0,1,0,0,1,0,0,1,1,0,0,1,844.11,0.3739130435,0.4235294117647059,0.03765854399370837,0.006951596748097451,-0.03070694724561092,0.3,0.06800000000000002,-0.23199999999999998,0.07590605683499108,0.07770312016739814,0.0017970633324070617,0.05806736050006485,0.06357247703884547,0.005505116538780622
852.456,22,1,3,62,8.85,0,0.0,0.0,0,0,1,1,1.0,1.0,1,0,0,1,0,0,1,0,0,0,1,852.96,0.4956521739,0.4235294117647059,0.04099220698665661,0.005039400670011192,-0.035952806316645415,0.10400000000000001,0.0,-0.10400000000000001,0.07140867042372236,0.07398910019415823,0.002580429770435877,0.057207895937116685,0.058858462757908916,0.001650566820792232
862.15,22.99,1,3,63,9.19,0,0.0,0.0,0,1,0,0,1.0,0.0,1,0,0,1,0,0,1,0,0,0,0,862.15,0.4695652174,0.5647058823529412,0.018301625751134542,0.007025734749084414,-0.011275891002050127,0.008,0.048,0.04,0.06904845831758769,0.0757253979494432,0.006676939631855519,0.05857475324076143,0.05657436132921351,-0.0020003919115479246
882.1,24.99,1,3,64,19.95,0,0.0,0.0,0,1,0,0,0.0,0.0,1,0,0,1,0,0,0,0,0,0,0,882.1,0.4086956522,0.47058823529411764,0.008997443338342872,0.005821153722591467,-0.0031762896157514053,0.1272727272727273,0.10400000000000001,-0.023272727272727278,0.06246724495922544,0.0651912163199221,0.0027239713606966587,0.052456912773382276,0.0549959185921012,0.002539005818718923
889.272,25.83,1,3,65,5.8,0,0.0,0.0,1,1,0,0,0.0,0.0,1,0,0,2,0,0,1,0,0,0,1,887.9,0.5130434783,0.43529411764705883,0.014287545998473972,0.004163306126003383,-0.010124239872470589,0.24400000000000005,0.024,-0.22000000000000006,0.05949662304056789,0.06770546300048656,0.008208839959918675,0.05092276736641484,0.05809505734559535,0.007172289979180513
908.39,27.83,1,3,66,20.49,0,0.0,0.0,1,1,0,0,0.0,0.0,1,0,0,1,0,0,0,0,0,0,0,908.39,0.4434782609,0.47058823529411764,0.04605326623361831,0.010806870247188637,-0.035246395986429674,0.048,0.096,0.048,0.06739153528491942,0.07038966815428137,0.002998132869361944,0.05300687678493009,0.056571454621170615,0.0035645778362405275
917.7,28.83,1,3,67,9.31,0,0.0,0.0,1,1,0,0,0.0,0.0,1,0,0,1,0,0,0,0,0,0,0,917.7,0.4608695652,0.4470588235294118,0.043489567050454106,0.006482339998405975,-0.03700722705204813,0.24000000000000005,0.05454545454545454,-0.1854545454545455,0.08279980649761026,0.07743331593587442,-0.00536649056173584,0.062230381348636093,0.06150367059372082,-0.0007267107549152746
926.232,29.83,1,3,68,8.32,0,0.0,0.0,1,1,0,0,0.0,0.0,1,0,0,1,0,0,1,0,0,0,1,926.02,0.4782608696,0.49411764705882355,0.06915971750829841,0.006226271049074144,-0.06293344645922427,0.164,0.084,-0.08,0.06569195669156032,0.06500541823292015,-0.0006865384586401679,0.056002612717816536,0.05460360095182624,-0.0013990117659902976
933.672,30.67,1,3,69,7.38,0,0.0,0.0,1,1,0,0,1.0,0.0,0,0,0,1,0,0,1,0,0,0,1,933.4,0.5913043478,0.5294117647058824,0.0032249632965645077,0.0030033761444829042,-0.00022158715208160347,0.10400000000000001,0.05600000000000001,-0.048,0.06385491258037601,0.060658805799545426,-0.003196106780830585,0.05700170751295042,0.04800795314867436,-0.00899375436427606
940.56,31.33,1,3,70,7.0,0,0.0,0.0,1,1,0,0,0.0,0.0,0,0,0,1,0,0,0,0,0,0,1,940.4,0.5130434783,0.49411764705882355,0.011133875550443827,0.0031169792769323175,-0.00801689627351151,0.028000000000000004,0.1,0.07200000000000001,0.06484890000301449,0.062487082873855106,-0.0023618171291593867,0.05622133424310381,0.0532113833751473,-0.0030099508679565096
943.872,31.67,1,3,71,3.25,0,0.0,0.0,1,1,0,0,1.0,0.0,0,0,0,1,0,0,0,0,0,0,1,943.65,0.4,0.43529411764705883,0.004608140053013069,0.0023688416714750813,-0.0022392983815379876,0.16399999999999998,0.07200000000000001,-0.09199999999999997,0.05821579640837238,0.06408702854834616,0.005871232139973787,0.04913463299646829,0.05479835353739023,0.005663720540921943
953.616,32.5,1,3,72,9.43,0,0.0,0.0,1,1,0,0,1.0,0.0,1,0,0,1,0,0,1,0,0,0,1,953.08,0.4956521739,0.4588235294117647,0.003077446120881554,0.003017698147712368,-5.9747973169186046e-05,0.008,0.0,-0.008,0.08497769205592072,0.07000858840120092,-0.014969103654719804,0.060076252778659134,0.06122933700208418,0.001153084223425048
989.592,36.83,1,3,73,35.78,0,0.0,0.0,0,0,1,1,1.0,0.0,1,0,0,2,0,0,1,0,0,0,1,988.86,0.5391304348,0.5411764705882353,0.10207440650363313,0.03575781975614961,-0.06631658674748352,0.08800000000000001,0.10400000000000001,0.016,0.07234228449090588,0.06819866973919383,-0.004143614751712044,0.0607729537582686,0.056564514726093716,-0.004208439032174882
1037.04,42.91,1,3,74,47.7,0,0.0,0.0,0,0,1,1,1.0,0.0,1,0,0,2,0,0,1,0,0,0,1,1036.56,0.4956521739,0.5529411764705883,0.03791062975014719,0.00900187624839726,-0.02890875350174993,0.08,0.172,0.09199999999999998,0.0731315456403116,0.0642136341206407,-0.008917911519670904,0.055591482101212085,0.053464305000586534,-0.0021271771006255505
1116.456,52,1,3,75,79.28,0,0.0,0.0,0,0,1,1,1.0,1.0,1,0,0,1,0,0,1,0,0,0,1,1115.84,0.5913043478,0.6,0.08439924999627044,0.023060706991973635,-0.0613385430042968,0.08,0.11200000000000002,0.032000000000000015,0.07928746311810757,0.06767841263653196,-0.011609050481575608,0.06767957025014606,0.057731301833985706,-0.00994826841616036
1121.64,52.5,1,3,76,5.41,0,0.0,0.0,0,1,1,0,1.0,0.0,1,0,0,1,0,0,1,0,0,0,1,1121.25,0.547826087,0.5764705882352941,0.04711326648382225,0.012783065246992548,-0.0343302012368297,0.14400000000000002,0.11200000000000002,-0.032,0.06652781522083229,0.06497641379145593,-0.0015514014293763617,0.06007598025881402,0.05347359214164947,-0.00660238811716455
1131.96,53.5,1,3,77,10.21,0,0.0,0.0,0,1,1,0,1.0,0.0,1,0,0,1,0,0,1,0,0,0,1,1131.46,0.4956521739,0.4823529411764706,0.03906696424904925,0.009217136254357654,-0.029849827994691595,0.20800000000000002,0.07200000000000001,-0.136,0.06970196348649839,0.07065394711909576,0.0009519836325973668,0.06028588496185332,0.0609987787094432,0.000712893747589885
1137.36,54,1,3,78,5.5,0,0.0,0.0,0,0,1,0,1.0,0.0,1,0,0,1,0,0,1,0,0,0,1,1136.96,0.5826086957,0.611764705882353,0.023597834497698915,0.009446132257582682,-0.014151702240116233,0.18,0.024,-0.156,0.06815335663017322,0.06226538646285974,-0.005887970167313475,0.05969380792443244,0.05471655176633709,-0.004977256158095349
1148.28,54.67,1,3,79,10.4,0,0.0,0.0,0,0,1,0,1.0,0.0,0,1,0,1,0,0,1,0,0,0,1,1147.36,0.5304347826,0.5647058823529412,0.009450867500997231,0.00788965050155002,-0.0015612169994472114,0.088,0.0,-0.088,0.06848942538544892,0.07005741186624087,0.0015679864807919552,0.05676372488989338,0.054817173415874644,-0.0019465514740187387
1152.88,e-1,1,3,80,5.52,0,0.0,0.0,1,1,0,0,1.0,0.0,0,1,0,1,0,0,1,0,0,0,0,1152.88,0.4956521739,0.5647058823529412,0.007159005757441486,0.004687826675883884,-0.0024711790815576014,0.0,0.0,0.0,0.06802819148159026,0.061870515681942316,-0.0061576757996479395,0.05779136746443344,0.053545883602160525,-0.004245483862272914
1175.52,New Point,1,4,81,22.37,0,0.0,0.0,1,0,1,0,1.0,0.0,1,0,0,1,0,0,0,1,0,0,1,1175.25,0.4956521739,0.5411764705882353,0.03873517050024823,0.007293620753950608,-0.03144154974629762,0.068,0.039999999999999994,-0.02800000000000001,0.11880170364130686,0.1289997276939399,0.010198024052633023,0.08007359682304417,0.07555671111034583,-0.004516885712698343
1188.504,New Point,1,4,82,12.95,0,0.0,0.0,0,0,1,0,1.0,0.0,1,0,0,2,1,0,0,1,0,0,1,1188.21,0.4869565217,0.5647058823529412,0.021494832256315634,0.005066135376744163,-0.01642869687957147,0.128,0.004,-0.124,0.09573711300162377,0.10184463877566889,0.006107525774045122,0.06785175076584593,0.059195720622815085,-0.008656030143030846
1198.53,New Point,1,4,83,10.33,0,0.0,0.0,1,1,0,0,1.0,0.0,0,0,0,1,0,0,0,0,0,0,0,1198.53,0.5304347826,0.49411764705882355,0.2058739475206454,0.010609515854390456,-0.19526443166625493,0.2960000000000001,0.0,-0.2960000000000001,0.07115584877179118,0.07011215549679384,-0.0010436932749973427,0.0604883835816151,0.06114266931635255,0.0006542857347374489
1204.584,New Point,1,4,84,5.68,0,0.0,0.0,1,1,0,0,1.0,0.0,0,0,0,1,0,0,0,0,0,0,1,1204.21,0.5217391304,0.5058823529411764,0.0618592436579908,0.010438892328811811,-0.05142035132917899,0.388,0.0,-0.388,0.06988787454021116,0.07262140762760529,0.00273353308739413,0.05547223461488822,0.056408131118058744,0.0009358965031705246
1215.768,New Point,1,4,85,9.09,0,0.0,0.0,0,0,1,0,1.0,0.0,0,0,0,2,0,0,0,1,1,0,1,1213.31,0.547826087,0.4823529411764706,0.08000810247963766,0.0367349262544515,-0.04327317622518616,0.12000000000000002,0.092,-0.028000000000000025,0.08164843057137189,0.07587043389526398,-0.005777996676107913,0.059583629657379046,0.06513478202755477,0.00555115237017572
1220.616,New Point,1,4,86,6.85,0,0.0,0.0,0,0,1,0,1.0,0.0,0,0,0,2,0,0,0,1,1,0,1,1220.16,0.5130434783,0.5647058823529412,0.19222472581739325,0.16929546002032028,-0.022929265797072967,0.26400000000000007,0.012,-0.25200000000000006,0.08261570773604984,0.06697047573754673,-0.01564523199850311,0.06741813745327083,0.05824189580878768,-0.009176241644483149
1227.216,New Point,1,4,87,6.53,2nd last in sequece,0.0,1.0,0,0,1,0,0.5,0.0,0,0,0,2,0,1,0,0,1,0,1,1226.69,0.3565217391,0.4823529411764706,0.15550366493535997,0.057331430035607846,-0.09817223489975213,0.264,0.064,-0.2,0.07042602869145677,0.07857315065251,0.00814712196105323,0.05912847631618765,0.06749165096471611,0.008363174648528461
1233.504,New Point,1,4,88,6.53,0,0.0,0.0,1,1,0,0,1.0,0.0,0,0,0,1,0,0,0,0,0,0,1,1233.23,0.5652173913,0.4823529411764706,0.06280356950428549,0.0031601284551632885,-0.059643441049122205,0.32,0.0,-0.32,0.08909549306116958,0.07045945030362366,-0.01863604275754592,0.06483935824996898,0.06075236804424046,-0.004086990205728516
1240.44,New Point,1,4,89,6.99,0,0.0,0.0,1,1,0,0,1.0,0.0,0,0,0,1,0,0,1,0,0,0,1,1240.21,0.4956521739,0.5294117647058824,0.014341179997482875,0.003836031029706425,-0.01050514896777645,0.27599999999999997,0.0,-0.27599999999999997,0.08395651923885333,0.0692869272754487,-0.01466959196340463,0.06524272253061532,0.05691120981473665,-0.008331512715878668
1247.256,New Point,1,4,90,6.83,0,0.0,0.0,1,1,0,0,1.0,0.0,0,0,0,1,0,0,1,0,0,0,1,1247.05,0.4869565217,0.5294117647058824,0.014694839751509647,0.00556360173190539,-0.009131238019604257,0.076,0.0,-0.076,0.07596121445933347,0.06753021988879453,-0.008430994570538947,0.06167254418487241,0.05610917853252541,-0.0055633656523470035
1253.928,e-1,1,4,91,6.57,0,0.0,0.0,1,1,0,0,1.0,0.0,1,0,1,1,0,0,1,0,0,0,1,1253.62,0.4260869565,0.4588235294117647,0.00287298324891434,0.0029203775990499802,4.739435013564018e-05,0.0,0.0,0.0,0.06796920625041636,0.0679458184410798,-2.338780933655582e-05,0.055040945082490654,0.05657113955401719,0.0015301944715265386
1281.36,New Point,1,4,92,27.74,0,0.0,0.0,1,1,0,0,1.0,0.0,0,0,0,1,0,0,0,0,0,0,0,1281.36,0.547826087,0.5882352941176471,0.10274337744152746,0.004911890647351173,-0.09783148679417629,0.24400000000000005,0.08,-0.16400000000000003,0.08904133449698357,0.07057199964369383,-0.018469334853289734,0.07049927175532662,0.06017914508016643,-0.01032012667516019
1288.992,New Point,1,4,93,7.23,0,0.0,0.0,0,0,1,0,0.0,1.0,0,0,0,2,0,0,1,1,0,0,1,1288.59,0.4,0.43529411764705883,0.05789552134195749,0.06466418673770524,0.006768665395747754,0.5120000000000001,0.22400000000000003,-0.2880000000000001,0.08920532530958879,0.0887718259952672,-0.0004334993143215865,0.06848016561689856,0.07038631159346241,0.0019061459765638555
1310.4,New Point,1,4,94,22.21,0,0.0,0.0,1,0,1,0,0.0,1.0,1,0,0,2,0,0,1,0,0,0,1,1310.8,0.4956521739,0.43529411764705883,0.10786911366442849,0.06135005321071973,-0.04651906045370876,0.6509090909090909,0.13454545454545455,-0.5163636363636364,0.1016137801644721,0.08310063163637137,-0.018513148528100737,0.07036605573950022,0.07078801198187741,0.00042195624237718887
1312.13,New Point,1,4,95,1.33,0,0.0,0.0,0,1,0,0,1.0,0.0,1,0,0,1,0,0,1,0,0,0,0,1312.13,0.5913043478,0.6470588235294118,0.18338768997770233,0.024562624131000917,-0.15882506584670142,0.392,0.5279999999999999,0.1359999999999999,0.09868692577215125,0.07065276697312975,-0.028034158799021505,0.07255252570021221,0.06029190965230902,-0.012260616047903197
1338.37,New Point,1,4,96,26.24,0,0.0,0.0,1,1,0,0,1.0,0.0,0,0,0,1,0,0,0,0,0,0,0,1338.37,0.6086956522,0.6588235294117647,0.13507872487268235,0.004925674928824513,-0.13015304994385785,0.24000000000000005,0.092,-0.14800000000000005,0.08685011002144757,0.06949946117039218,-0.01735064885105539,0.06740647875402005,0.06025543663786122,-0.007151042116158829
1346.352,New Point,1,4,97,7.65,0,0.0,0.0,0,0,1,1,0.0,1.0,0,0,0,2,0,0,1,1,0,0,1,1346.03,0.5130434783,0.49411764705882355,0.05348939452426408,0.0772708954075804,0.023781500883316327,0.58,0.25600000000000006,-0.3239999999999999,0.09097360358333864,0.08551212273061999,-0.00546148085271865,0.06716643606724784,0.06552973025774354,-0.0016367058095042991
1369.92,New Point,1,4,98,23.55,0,0.0,0.0,0,0,1,0,1.0,1.0,1,0,0,2,0,0,1,1,0,0,1,1369.57,0.6173913043,0.611764705882353,0.11512246328934957,0.0384295514897855,-0.07669291179956406,0.22000000000000003,0.41200000000000003,0.192,0.08538887348163261,0.07138010342482055,-0.014008770056812059,0.06948096291321468,0.05707350622869084,-0.012407456684523838
1373.34,New Point,1,4,99,3.77,0,0.0,0.0,1,1,0,0,1.0,0.0,0,0,0,1,1,0,0,0,0,0,0,1373.34,0.4782608696,0.43529411764705883,0.0972928264083732,0.08651404606164699,-0.010778780346726205,0.43200000000000005,0.384,-0.04800000000000004,0.0791921923493401,0.07851274184904164,-0.0006794505002984536,0.0607192267532715,0.06492613108076663,0.004206904327495126
1375.36,New Point,1,4,100,2.02,0,0.0,0.0,1,1,0,0,1.0,0.0,0,0,0,1,1,0,0,0,0,0,0,1375.36,0.4782608696,0.4588235294117647,0.16709457749077455,0.03953248924959995,-0.1275620882411746,0.312,0.044,-0.268,0.0857928170284539,0.0763654949475303,-0.009427322080923603,0.0652096197448672,0.06451010239614838,-0.0006995173487188283
1462.272,New Point,1,4,101,86.02,0,0.0,0.0,0,0,1,0,1.0,0.0,0,0,0,2,0,0,1,0,0,0,1,1461.38,0.5304347826,0.5058823529411764,0.14871226498093817,0.025031636794371353,-0.12368062818656682,0.24800000000000005,0.5519999999999999,0.3039999999999999,0.07389801841003758,0.07779027753094656,0.0038922591209089724,0.06064988643158546,0.06454765388647302,0.0038977674548875546
1467.31,New Point,1,4,102,5.94,0,0.0,0.0,1,1,0,0,0.0,0.0,0,0,0,1,0,0,0,0,0,0,0,1467.31,0.4,0.4235294117647059,0.15041151506417536,0.023724243480695413,-0.12668727158347995,0.43600000000000005,0.392,-0.04400000000000004,0.08604195518055167,0.08071077331294077,-0.005331181867610904,0.06284768823325446,0.06829804066570397,0.005450352432449512
1472.09,New Point,1,4,103,4.78,0,0.0,0.0,1,1,0,0,0.0,0.0,0,0,0,1,0,0,0,0,0,0,0,1472.09,0.4956521739,0.4823529411764706,0.14496417490574215,0.0276150965074732,-0.11734907839826894,0.4720000000000001,0.184,-0.2880000000000001,0.08111401463769599,0.0810617782520512,-5.223638564479105e-05,0.06552346238089214,0.07069555360383152,0.005172091222939379
1477.09,New Point,1,4,104,5.0,0,0.0,0.0,1,1,0,0,0.0,0.0,0,0,0,1,0,0,0,0,0,0,0,1477.09,0.5130434783,0.5176470588235295,0.12635788257815672,0.005920902754304209,-0.12043697982385251,0.42400000000000004,0.11600000000000002,-0.30800000000000005,0.07507935907719383,0.0770732149277806,0.0019938558505867704,0.06486354102354953,0.061923897182926325,-0.0029396438406232087
1482.43,New Point,1,4,105,5.33,0,0.0,0.0,0,0,1,0,1.0,0.0,0,0,0,2,0,0,1,0,0,0,0,1482.43,0.4695652174,0.5411764705882353,0.056870547709223694,0.030797937256618613,-0.02607261045260508,0.4880000000000001,0.14400000000000004,-0.3440000000000001,0.07464921861403602,0.0770925780718649,0.002443359457828878,0.0647434348639089,0.06291762849641076,-0.0018258063674981423
1524.61,New Point,1,4,106,42.19,0,0.0,0.0,1,1,0,0,1.0,0.0,1,0,0,1,0,0,0,0,0,0,0,1524.61,0.6173913043,0.611764705882353,0.0885546972556681,0.002991135501121468,-0.08556356175454663,0.17600000000000002,0.10400000000000001,-0.07200000000000001,0.09923754437636002,0.09017537237095183,-0.009062172005408195,0.08106380024769248,0.06857084406375165,-0.012492956183940834
1539.47,New Point,1,4,107,14.85,0,0.0,0.0,0,0,1,1,1.0,1.0,1,0,0,2,0,1,0,1,0,0,0,1539.47,0.5043478261,0.611764705882353,0.049345426724659566,0.02437158673237453,-0.024973839992285037,0.27999999999999997,0.21600000000000003,-0.06399999999999995,0.10297833474933804,0.08981858334078144,-0.013159751408556603,0.07962626588615596,0.07125174234103511,-0.008374523545120846
1561.95,New Point,1,4,108,22.48,0,0.0,0.0,0,0,1,0,0.0,1.0,1,0,0,2,0,0,1,1,0,0,0,1561.95,0.5043478261,0.5176470588235295,0.10648440494736977,0.02457357901121582,-0.08191082593615395,0.4959999999999999,0.11200000000000002,-0.3839999999999999,0.08614167689643094,0.08577370532979915,-0.00036797156663179176,0.06844259620560962,0.06699691096454864,-0.0014456852410609788
1565.31,New Point,1,4,109,3.37,0,0.0,0.0,0,1,0,0,1.0,0.0,1,0,0,1,0,0,1,0,0,0,0,1565.31,0.4869565217,0.5411764705882353,0.029660364995750366,0.012313888655230715,-0.01734647634051965,0.13200000000000003,0.0,-0.13200000000000003,0.08595081596730891,0.07996812692164623,-0.005982689045662681,0.06978557612604024,0.06537582644728378,-0.004409749678756458
1572.11,New Point,1,4,110,6.79,0,0.0,0.0,0,1,0,0,1.0,0.0,1,0,0,1,0,0,1,0,0,0,0,1572.11,0.4608695652,0.49411764705882355,0.074445145057352,0.012063217475156946,-0.06238192758219506,0.17600000000000002,0.0,-0.17600000000000002,0.07164881585040593,0.08043218681719841,0.008783370966792478,0.05974853596000399,0.05948076570653745,-0.00026777025346653993
1583.58,New Point,1,4,111,11.47,0,0.0,0.0,1,1,0,0,1.0,0.0,1,0,1,1,0,0,1,0,0,0,0,1583.58,0.5913043478,0.4823529411764706,0.009061024001406067,0.003143523798304477,-0.00591750020310159,0.13599999999999998,0.0,-0.13599999999999998,0.06902535930455393,0.07453700968065236,0.005511650376098423,0.05819253767632304,0.056122230761597246,-0.002070306914725796
1608.51,e,1,4,112,24.93,0,2.0,0.0,1,1,0,0,1.0,0.0,1,0,1,1,1,0,0,0,0,0,0,1608.51,0.3739130435,0.47058823529411764,0.1288234148653063,0.009308397996583272,-0.11951501686872303,0.6639999999999999,0.0,-0.6639999999999999,0.10989040189851103,0.11694634101027519,0.0070559391117641646,0.07669372378002404,0.07576121874718683,-0.0009325050328372053
2061.36,New Point,2,1,113,452.85,Low_Rest,0.0,0.0,1,1,0,0,1.0,0.0,1,0,0,1,0,0,1,0,0,0,0,2061.36,0.4434782609,0.5058823529411764,0.027854245251183414,0.009351630249755731,-0.018502615001427684,0.096,0.0,-0.096,0.1818039564279536,0.13754552752532131,-0.04425842890263229,0.08146058705489276,0.07669169703816031,-0.004768890016732447
2069.71,New Point,2,1,114,8.35,Low_Rest,0.0,0.0,1,1,0,0,1.0,0.0,1,0,0,1,0,0,1,0,0,0,0,2069.71,0.4086956522,0.4588235294117647,0.036322130255186054,0.00813884072466728,-0.028183289530518775,0.16,0.0,-0.16,0.10107780894955982,0.09564522927002284,-0.005432579679536989,0.06948964187384013,0.06675179856997952,-0.002737843303860607
2086.53,New Point,2,1,115,16.83,Low_Rest,0.0,0.0,1,1,0,0,1.0,0.0,0,0,0,1,1,0,0,0,0,0,0,2086.53,0.5565217391,0.5294117647058824,0.054825462493116914,0.005784021182890899,-0.04904144131022602,0.33999999999999997,0.0,-0.33999999999999997,0.09837280909099766,0.09317652973282241,-0.0051962793581752514,0.06891670565657784,0.06508151154473066,-0.0038351941118471844
2091.04,New Point,2,1,116,4.51,"interupted line, just a quick stall, already quiet",0.0,0.0,0,1,0,0,-0.5,0.0,1,0,0,1,1,1,0,0,0,0,0,2091.04,0.3565217391,0.3176470588235294,0.022515722178699533,0.010314359496115897,-0.012201362682583636,0.256,0.156,-0.1,0.08374435923140797,0.0945840131895976,0.01083965395818963,0.06305030962765451,0.07107984135199272,0.008029531724338207
2109.893333,New Point,2,1,117,18.64,Low_Rest,0.0,0.0,0,1,0,0,1.0,0.0,1,0,0,1,1,0,0,0,0,0,1,2109.68,0.4173913043,0.4235294117647059,0.05311783252876477,0.07838367798731719,0.025265845458552413,0.188,0.044,-0.14400000000000002,0.08715264296485367,0.08838813364671808,0.001235490681864404,0.06268709562487318,0.06790035954673246,0.005213263921859279
2116.85,New Point,2,1,118,7.17,Low_Rest,0.0,0.0,0,1,0,0,1.0,0.0,1,0,0,1,1,0,0,0,0,0,0,2116.85,0.452173913,0.49411764705882355,0.06519348504421066,0.13646228496863727,0.07126879992442661,0.2760000000000001,0.4840000000000001,0.20800000000000002,0.12059197006938253,0.0833722683804283,-0.037219701688954235,0.06545183600325252,0.068717519908357,0.003265683905104483
2140.8,New Point,2,1,119,23.95,Low_Rest,0.0,0.0,0,0,1,0,0.0,0.0,0,0,0,2,0,0,2,1,0,0,0,2140.8,0.4695652174,0.4588235294117647,0.011033014544386197,0.009769361748792798,-0.001263652795593399,0.03636363636363637,0.05600000000000001,0.01963636363636364,0.07456771917791187,0.06940089211596095,-0.0051668270619509155,0.05831862319275929,0.0572084609396588,-0.0011101622531004898
2153.63,New Point,2,1,120,12.83,Low_Rest,0.0,0.0,0,0,1,0,1.0,0.0,0,0,0,2,1,0,0,1,0,0,0,2153.63,0.5391304348,0.5647058823529412,0.06439180255852557,0.009278127249566927,-0.055113675308958644,0.23200000000000004,0.027999999999999997,-0.20400000000000004,0.09496254271529525,0.07140129322843804,-0.023561249486857214,0.06597797191938345,0.054189700612906885,-0.01178827130647657
2251.093333,New Point,2,1,121,97.33,Low_Rest,0.0,0.0,0,1,0,0,1.0,0.0,1,0,0,1,1,0,0,0,0,0,1,2250.96,0.4434782609,0.49411764705882355,0.02144843025513666,0.01784461866894838,-0.0036038115861882804,0.22800000000000004,0.0,-0.22800000000000004,0.07477341070138509,0.06830491577494498,-0.00646849492644011,0.05998795922773418,0.05565145920925764,-0.00433650001847654
2290.35,New Point,2,1,122,39.39,Low_Rest,0.0,0.0,0,0,1,1,1.0,0.0,1,0,0,2,0,0,1,0,1,0,0,2290.35,0.4434782609,0.4823529411764706,0.1313677124922471,0.013129650746688157,-0.11823806174555894,0.152,0.028000000000000004,-0.124,0.09191781675709472,0.0818736726702047,-0.010044144086890014,0.06795638946422315,0.06725096341227152,-0.0007054260519516325
2323.04,New Point,2,1,123,32.19,Low_Rest,0.0,0.0,1,1,0,0,1.0,0.0,0,0,0,1,1,0,0,0,0,0,1,2322.53,0.4347826087,0.4117647058823529,0.08229382997652937,0.003137352198230043,-0.07915647777829933,0.288,0.0,-0.288,0.06899499974367036,0.07230106172149756,0.0033060619778271932,0.05921858261983052,0.058485506313611726,-0.0007330763062187926
2337.413333,New Point,2,1,124,14.59,Low_Rest,0.0,0.0,1,0,1,0,1.0,0.0,1,0,0,1,1,0,0,0,1,0,1,2337.12,0.452173913,0.4470588235294118,0.059561257481925256,0.02009659699861536,-0.0394646604833099,0.36000000000000004,0.12800000000000003,-0.232,0.07512286885751161,0.07809684083290833,0.0029739719753967137,0.06115284655006316,0.0631575818562951,0.002004735306231936
2355.906667,New Point,2,1,125,18.56,Low_Rest,0.0,0.0,0,1,0,0,1.0,0.0,1,0,0,1,0,0,1,0,0,0,1,2355.68,0.4695652174,0.4588235294117647,0.09810371499739642,0.007784644298341967,-0.09031907069905445,0.088,0.008,-0.07999999999999999,0.07683924824509755,0.07200387264827483,-0.004835375596822719,0.0585375605745598,0.06004781438670796,0.0015102538121481643
2363.23,New Point,2,1,126,7.55,Low_Rest,0.0,0.0,0,0,1,0,1.0,0.0,1,0,0,2,0,0,1,0,0,0,0,2363.23,0.5043478261,0.5176470588235295,0.044386303493643496,0.005640259701792009,-0.03874604379185149,0.21200000000000002,0.076,-0.136,0.07830637081790762,0.08075844179145289,0.002452070973545273,0.06322297631187465,0.061968939063353476,-0.0012540372485211754
2407.346667,e-1,2,1,127,45.68,Low_Rest,0.0,0.0,1,0,0,0,1.0,0.0,1,0,0,1,0,0,1,0,0,0,1,2408.91,0.4782608696,0.5058823529411764,0.02354105100846284,0.003362251021068728,-0.02017879998739411,0.06000000000000001,0.0,-0.06000000000000001,0.07092348378511207,0.06481824216207999,-0.006105241623032082,0.060481574411406336,0.05354370465395138,-0.006937869757454959
2425.973333,New Point,2,2,128,17.39,Low_Rest,0.0,0.0,1,1,0,0,1.0,0.0,0,0,0,2,1,0,0,0,0,0,1,2426.29,0.5130434783,0.5764705882352941,0.08569501496358023,0.029604161764960522,-0.05609085319861971,0.42800000000000005,0.076,-0.35200000000000004,0.11099354562764903,0.1265778616547934,0.015584316027144371,0.0842984223852454,0.07856550792657475,-0.005732914458670649
2433.2,New Point,2,2,129,7.25,Low_Rest,0.0,0.0,1,1,0,0,1.0,0.0,0,0,0,1,0,0,0,0,0,0,1,2433.55,0.4782608696,0.5882352941176471,0.04849474522680467,0.03535266387496732,-0.01314208135183735,0.592,0.08363636363636363,-0.5083636363636364,0.10320732334498293,0.08868489374000066,-0.014522429604982276,0.07270093640437507,0.06439086590477315,-0.008310070499601918
2435.453333,New Point,2,2,130,2.27,Low_Rest,0.0,0.0,0,0,1,1,1.0,0.0,0,0,0,1,0,0,1,0,1,0,1,2435.81,0.4869565217,0.5647058823529412,0.11457301449234895,0.015406980748743715,-0.09916603374360523,0.06400000000000002,0.044,-0.020000000000000018,0.09354897772511891,0.07575147314524819,-0.017797504579870727,0.06918937857528643,0.06154272388740114,-0.007646654687885286
2461.47,New Point,2,2,131,25.65,Low_Rest,0.0,0.0,0,0,1,1,1.0,1.0,1,1,0,1,0,0,0,0,0,0,0,2461.47,0.5217391304,0.5058823529411764,0.174800089992064,0.10612577244667531,-0.06867431754538869,0.5599999999999999,0.396,-0.16399999999999992,0.08747309059513445,0.07360235148207789,-0.013870739113056557,0.0630279391602014,0.061329865495727,-0.0016980736644744004
2474.786667,New Point,2,2,132,13.71,Low_Rest,0.0,0.0,1,1,0,0,1.0,0.0,1,0,0,1,1,0,0,0,0,0,1,2475.17,0.452173913,0.5294117647058824,0.124648859926215,0.013968356677576631,-0.11068050324863836,0.4,0.0,-0.4,0.08373369669934927,0.08123190310591896,-0.002501793593430307,0.06804135163508349,0.0606771881289887,-0.007364163506094784
2490.59,New Point,2,2,133,15.41,Low_Rest,0.0,0.0,0,1,0,0,1.0,0.0,1,0,0,1,1,0,0,0,0,0,0,2490.59,0.5565217391,0.6,0.08262660946041066,0.008689008349505806,-0.07393760111090485,0.18,0.064,-0.11599999999999999,0.09969769015598395,0.07108815194811749,-0.028609538207866464,0.06741409146397595,0.056991549063005985,-0.010422542400969965
2501.426667,New Point,2,2,134,10.61,Low_Rest,0.0,0.0,0,1,0,0,1.0,0.0,1,0,0,1,1,0,0,0,0,0,1,2501.2,0.4,0.49411764705882355,0.033374207989215546,0.009638362658300908,-0.023735845330914638,0.128,0.168,0.04000000000000001,0.07561588633765827,0.0721275975616771,-0.0034882887759811743,0.056477443996227304,0.06214325690061003,0.005665812904382728
2509.813333,New Point,2,2,135,8.51,Low_Rest,0.0,0.0,1,0,1,0,1.0,0.0,0,0,0,2,0,0,1,0,1,0,1,2509.71,0.4347826087,0.4588235294117647,0.15529062760059162,0.03115473026063047,-0.12413589733996115,0.26,0.028000000000000004,-0.232,0.08661522666753421,0.07819430131301533,-0.008420925354518882,0.057386899068518946,0.06010690029409362,0.0027200012255746767
2515.12,New Point,2,2,136,5.17,Low_Rest,0.0,0.0,1,0,1,0,1.0,0.0,0,0,0,2,0,0,1,0,1,0,1,2514.88,0.5130434783,0.5882352941176471,0.04545197949809711,0.01727334400117506,-0.02817863549692205,0.152,0.24800000000000005,0.09600000000000006,0.08906536839715919,0.07789029281935562,-0.011175075577803562,0.06920456285685764,0.06222808547140203,-0.006976477385455607
2520.35,New Point,2,2,137,5.47,Low_Rest,0.0,0.0,0,1,1,0,1.0,0.0,1,0,0,2,0,0,1,0,1,0,0,2520.35,0.4260869565,0.49411764705882355,0.08627101849817798,0.01644906351447529,-0.0698219549837027,0.128,0.11199999999999999,-0.016000000000000014,0.0802701941740144,0.07456797533741241,-0.005702218836601991,0.06505026047129028,0.06021364501493158,-0.004836615456358703
2528.27,New Point,2,2,138,7.92,Low_Rest,0.0,0.0,0,0,1,0,0.0,1.0,1,0,0,2,0,1,0,0,0,0,0,2528.27,0.5130434783,0.5411764705882353,0.12593292252689547,0.056750150251165844,-0.06918277227572964,0.36,0.14799999999999996,-0.21200000000000002,0.08761428675091956,0.07424559028462625,-0.013368696466293309,0.06910760942083076,0.06680420979915815,-0.002303399621672614
2545.426667,New Point,2,2,139,17.01,Low_Rest,0.0,0.0,1,0,1,0,1.0,0.0,1,0,0,2,0,1,0,0,1,0,1,2545.28,0.4869565217,0.43529411764705883,0.29465778004565957,0.05204175472839895,-0.24261602531726062,0.364,0.22400000000000003,-0.13999999999999996,0.0743052060406925,0.08071304760589952,0.0064078415652070175,0.06511471972027351,0.06246337834017439,-0.0026513413800991203
2557.133333,New Point,2,2,140,11.39,Low_Rest,0.0,0.0,1,0,1,0,1.0,0.0,1,0,0,1,1,0,0,1,1,0,1,2556.67,0.4347826087,0.47058823529411764,0.1158511675414294,0.015836188006679994,-0.10001497953474942,0.196,0.0,-0.196,0.08738910232681107,0.0864063032545096,-0.0009827990723014768,0.05804209578384382,0.06366304438453405,0.005620948600690227
2590.96,New Point,2,2,141,34.29,Low_Rest,0.0,0.0,0,0,1,0,1.0,0.0,0,0,0,2,0,0,1,0,1,0,0,2590.96,0.4173913043,0.5058823529411764,0.060134897519659836,0.022537356513918822,-0.03759754100574102,0.2,0.07200000000000001,-0.128,0.07805808025128128,0.06914767643619205,-0.00891040381508923,0.06586167609778773,0.06020351632949646,-0.005658159768291267
2610.506667,New Point,2,2,142,20.37,Low_Rest,0.0,0.0,1,0,1,0,0.0,0.0,0,0,0,2,0,0,1,0,1,0,1,2611.33,0.4434782609,0.5176470588235295,0.08989407512496257,0.01724921275168426,-0.07264486237327832,0.252,0.012,-0.24,0.07648072218756889,0.07764234239439002,0.0011616202068211318,0.06674525872672368,0.06365492663125506,-0.0030903320954686203
2667.44,New Point,2,2,143,56.11,"No rest for new section with lighter texture, still tense",0.0,0.0,0,0,1,0,0.0,1.0,0,0,0,2,1,1,0,1,0,0,0,2667.44,0.3739130435,0.4,0.21462965997791578,0.04759968405638991,-0.16702997592152585,0.348,0.092,-0.256,0.08445600388711935,0.09136150344515682,0.006905499558037473,0.06836110966460686,0.07348267395071159,0.005121564286104732
2710.333333,New Point,2,2,144,42.72,Low_Rest,0.0,0.0,1,0,1,0,1.0,0.0,0,0,0,1,1,0,0,0,1,0,1,2710.16,0.4869565217,0.5882352941176471,0.14501162747506355,0.07490088252289388,-0.07011074495216967,0.41600000000000004,0.16799999999999998,-0.24800000000000005,0.1160461606313623,0.08382095331542307,-0.03222520731593924,0.08296161464169782,0.07103624606425722,-0.011925368577440601
2740.27,New Point,2,2,145,30.11,Low_Rest,0.0,0.0,0,0,1,0,0.0,1.0,0,0,0,2,0,1,0,1,0,0,0,2740.27,0.5130434783,0.5411764705882353,0.14769701269844412,0.06479502001190554,-0.08290199268653858,0.316,0.148,-0.168,0.08845256634567814,0.0905375030594559,0.0020849367137777686,0.07216525837173622,0.07403392881630307,0.0018686704445668445
2747.133333,e-1,2,2,146,7.2,Low_Rest,0.0,0.0,1,0,0,0,1.0,0.0,0,0,0,1,1,0,0,0,0,0,1,2747.47,0.5043478261,0.5411764705882353,0.15915711750574116,0.01956065349927301,-0.13959646400646814,0.548,0.0,-0.548,0.08808899102102752,0.08279603866426258,-0.005292952356764941,0.06924278229370852,0.062271737605550256,-0.006971044688158262
2764.693333,New Point,2,3,147,16.91,Low_Rest,0.0,0.0,0,1,0,0,1.0,0.0,1,0,0,1,0,0,0,0,0,0,1,2764.37,0.4347826087,0.4588235294117647,0.12874816749292814,0.07776853245311931,-0.05097963503980883,0.192,0.30399999999999994,0.11199999999999993,0.08556538024429373,0.08014162323584473,-0.005423757008449007,0.06518568295969661,0.06471039310327299,-0.0004752898564236163
2824.0,New Point,2,3,148,58.96,Low_Rest,0.0,0.0,1,0,0,0,1.0,0.0,0,0,0,1,0,0,1,0,1,0,1,2823.33,0.5130434783,0.6,0.02230706476506303,0.012394450682331137,-0.009912614082731891,0.21454545454545457,0.14181818181818182,-0.07272727272727275,0.08139421833803356,0.06447579658743986,-0.0169184217505937,0.06020681819604616,0.05279282254570514,-0.007413995650341024
2834.4,New Point,2,3,149,10.83,Low_Rest,0.0,0.0,1,0,0,0,1.0,0.0,0,0,0,1,0,0,1,0,1,0,1,2834.16,0.4695652174,0.5411764705882353,0.023523985459902006,0.009973923178079597,-0.013550062281822409,0.2618181818181819,0.11636363636363639,-0.1454545454545455,0.07744172509114296,0.06911984998599019,-0.008321875105152768,0.06224374713154817,0.05666395904353834,-0.005579788088009831
2842.973333,New Point,2,3,150,8.51,Low_Rest,0.0,0.0,1,0,0,0,1.0,0.0,0,0,0,1,0,0,1,0,1,0,1,2842.67,0.4347826087,0.4823529411764706,0.03173971550716736,0.008898215000408851,-0.022841500506758507,0.16,0.12000000000000002,-0.03999999999999998,0.08693224407184541,0.07295777678914604,-0.013974467282699368,0.06152049034452685,0.05823033860001468,-0.0032901517445121653
2911.426667,New Point,2,3,151,67.97,Low_Rest,0.0,0.0,1,1,0,0,1.0,0.0,1,0,0,1,0,0,1,0,0,0,1,2910.64,0.4869565217,0.5058823529411764,0.01436162850407823,0.0034944781978278154,-0.010867150306250415,0.039999999999999994,0.0,-0.039999999999999994,0.06907112456995117,0.07350909012088257,0.0044379655509314,0.06427663241930104,0.053318655020951136,-0.010957977398349902
2918.88,New Point,2,3,152,8.24,Low_Rest,0.0,0.0,1,1,0,0,1.0,0.0,1,0,0,1,0,0,1,0,0,0,0,2918.88,0.4260869565,0.35294117647058826,0.019231911987870453,0.005564764799935848,-0.013667147187934605,0.268,0.0,-0.268,0.08444007476417625,0.09609402786070641,0.011653953096530154,0.06296380521399933,0.06972798622916627,0.006764181015166945
2942.853333,New Point,2,3,153,22.96,Low_Rest,0.0,0.0,0,1,0,0,1.0,0.0,1,0,0,2,0,0,1,0,1,0,1,2941.84,0.4173913043,0.4470588235294118,0.05354449752578801,0.021259225750469436,-0.03228527177531857,0.024,0.036,0.011999999999999997,0.06906037948377988,0.08455807510124949,0.015497695617469609,0.05538989061313504,0.06519092029711397,0.009801029683978932
2946.933333,New Point,2,3,154,4.72,Low_Rest,0.0,0.0,0,1,0,0,1.0,0.0,1,0,0,2,0,0,1,0,1,1,1,2946.56,0.4260869565,0.4117647058823529,0.021148646253716052,0.0034889284736279056,-0.017659717780088145,0.096,0.0,-0.096,0.08170096562330519,0.08748663030732945,0.005785664684024264,0.05433798569824044,0.053637823423104636,-0.0007001622751358072
2964.51,New Point,2,3,155,17.95,Low_Rest,0.0,0.0,0,0,1,0,1.0,0.0,1,0,0,2,0,1,0,0,1,0,0,2964.51,0.4869565217,0.5294117647058824,0.025382487243570413,0.008528229753135833,-0.01685425749043458,0.43600000000000005,0.0,-0.43600000000000005,0.07759366729512399,0.06957148195214616,-0.008022185342977828,0.05958830661236392,0.055661207892027595,-0.003927098720336322
3009.07,New Point,2,3,156,44.56,Low_Rest,0.0,0.0,0,1,1,0,1.0,0.0,1,0,0,1,1,0,0,0,0,0,0,3009.07,0.452173913,0.47058823529411764,0.08817184495452997,0.046055907760096215,-0.04211593719443375,0.348,0.084,-0.26399999999999996,0.0852161685118463,0.07472976520342987,-0.010486403308416423,0.0595709794320714,0.0584547723304206,-0.0011162071016508
3029.293333,New Point,2,3,157,18.96,Low_Rest,0.0,0.0,0,0,1,0,1.0,0.0,1,0,0,2,0,0,1,0,1,0,1,3028.03,0.4260869565,0.4470588235294118,0.014001779999409419,0.003913710846312294,-0.010088069153097125,0.152,0.0,-0.152,0.08123461161266558,0.0819912285780267,0.0007566169653611121,0.05765729912156714,0.0625807368966868,0.004923437775119666
3084.053333,New Point,2,3,158,55.89,Low_Rest,0.0,0.0,0,1,0,0,1.0,0.0,1,0,0,1,1,0,0,0,0,0,1,3083.92,0.452173913,0.5411764705882353,0.14825542001032038,0.014298632538103637,-0.13395678747221673,0.18000000000000002,0.11200000000000002,-0.068,0.08180639482542931,0.08205168070981869,0.00024528588438937904,0.06178187806930656,0.060673145933762176,-0.0011087321355443824
3098.08,New Point,2,3,159,14.16,Low_Rest,0.0,0.0,0,0,1,0,1.0,0.0,0,0,0,2,1,1,0,1,1,0,0,3098.08,0.4434782609,0.4588235294117647,0.0897056342434707,0.02092974327992365,-0.06877589096354704,0.6839999999999999,0.036,-0.6479999999999999,0.08852041622082213,0.08755704485330215,-0.0009633713675199773,0.06468592014962694,0.06479256256169315,0.00010664241206620462
3121.63,New Point,2,3,160,23.55,Low_Rest,0.0,0.0,0,0,1,0,0.0,0.0,0,0,0,2,0,1,0,0,1,0,0,3121.63,0.4347826087,0.5058823529411764,0.11083328501636416,0.029508956259703012,-0.08132432875666115,0.32399999999999995,0.0,-0.32399999999999995,0.08011721298678703,0.06664511566834955,-0.013472097318437487,0.058721954240569155,0.05512057311990558,-0.003601381120663577
3142.6,New Point,2,3,161,20.64,Low_Rest,0.0,0.0,0,1,0,0,1.0,0.0,0,0,0,1,1,0,0,0,0,0,1,3142.27,0.4869565217,0.5294117647058824,0.04220001877223549,0.0031943260212932813,-0.039005692750942206,0.4720000000000001,0.0,-0.4720000000000001,0.0789807079045464,0.06056465207539275,-0.018416055829153642,0.05674099990458112,0.04808265248882642,-0.008658347415754698
3199.693333,New Point,2,3,162,57.07,Low_Rest,0.0,0.0,0,1,0,0,1.0,0.0,0,0,0,1,1,1,0,0,0,0,1,3199.33,0.3739130435,0.4,0.05099356548213448,0.012633338943192171,-0.03836022653894231,0.27999999999999997,0.0,-0.27999999999999997,0.0823710551707653,0.08671758959630822,0.0043465344255429195,0.05562871297116796,0.06370126278333578,0.008072549812167817
3236.52,New Point,2,3,163,37.04,Low_Rest,0.0,0.0,0,1,1,0,1.0,1.0,0,0,0,1,1,0,0,0,1,0,1,3236.37,0.4260869565,0.43529411764705883,0.05193448102037222,0.02182960623887764,-0.03010487478149458,0.34400000000000003,0.09999999999999999,-0.24400000000000005,0.0736571167456517,0.06666384889038572,-0.0069932678552659805,0.05599562783580172,0.06086924266272331,0.004873614826921592
3247.293333,New Point,2,3,164,10.8,"Low loudness high tension, near end.",0.0,0.0,0,1,1,0,1.0,0.0,1,0,0,1,1,1,0,0,1,0,1,3247.17,0.3565217391,0.3411764705882353,0.02795035275084868,0.022459062522470923,-0.005491290228377757,0.13999999999999999,0.02,-0.11999999999999998,0.0682331550742876,0.0811855948649576,0.012952439790670012,0.055666286444812474,0.061967066214232626,0.006300779769420152
3266.45,e,2,3,165,19.28,Low_Rest,0.0,0.0,1,1,0,0,1.0,0.0,1,0,0,1,0,0,1,0,0,0,0,3266.45,0.4434782609,0.4588235294117647,0.004761832327356405,0.004145905352436969,-0.0006159269749194361,0.0,0.0,0.0,0.06714118264566198,0.07403438925654351,0.006893206610881539,0.05559975327532698,0.04771190159306958,-0.007887851682257398
5399.586667,New Point,3,1,166,2132.35,Low_Rest,0.0,0.0,0,0,1,1,1.0,0.0,0,0,0,0,0,0,0,0,0,0,1,5398.8,0.4869565217,0.5294117647058824,0.01896296674887514,0.021967134495021527,0.0030041677461463863,0.2760000000000001,0.092,-0.18400000000000008,0.06593972938458037,0.05794109734812338,-0.007998632036456989,0.05018902453856624,0.04766826803301988,-0.0025207565055463607
5424.373333,New Point,3,1,167,25.15,Low_Rest,0.0,0.0,0,0,1,1,1.0,0.0,0,0,0,0,0,0,0,0,0,0,1,5423.95,0.4695652174,0.5294117647058824,0.02291468674853068,0.017208239500654282,-0.005706447247876396,0.4,0.364,-0.03600000000000003,0.07656890009207207,0.06981388039313377,-0.006755019698938297,0.0588181653654926,0.0561396741831001,-0.002678491182392502
5447.893333,New Point,3,1,168,23.52,Low_Rest,0.0,0.0,0,0,1,1,1.0,0.0,0,0,0,0,0,0,0,0,0,0,1,5447.47,0.4347826087,0.47058823529411764,0.04818515677086533,0.014307330246396585,-0.033877826524468746,0.10400000000000001,0.024,-0.08000000000000002,0.06669964796964023,0.06570704382401255,-0.0009926041456276846,0.05312468489581028,0.050478047397409354,-0.002646637498400925
5567.066667,New Point,3,1,169,119.12,Low_Rest,0.0,0.0,0,0,1,1,0.0,0.0,0,0,0,0,0,0,1,0,0,0,1,5566.59,0.4695652174,0.43529411764705883,0.02788647625237544,0.009546605253582004,-0.018339870998793438,0.10800000000000001,0.08,-0.02800000000000001,0.07877779758839144,0.07731144587873942,-0.0014663517096520223,0.054582539138297616,0.05662484863709494,0.002042309498797322
5664.826667,New Point,3,1,170,97.36,Low_Rest,0.0,0.0,0,0,1,0,1.0,0.0,0,0,0,0,0,0,1,1,0,0,1,5663.95,0.4782608696,0.5647058823529412,0.04340666723466415,0.01047530700691303,-0.03293136022775112,0.21600000000000003,0.10400000000000001,-0.11200000000000002,0.06382244577206117,0.06731369035451117,0.0034912445824499955,0.05501023318504418,0.050279433326007074,-0.004730799859037106
5740.72,New Point,3,1,171,76.37,Low_Rest,0.0,0.0,0,0,1,1,1.0,0.0,0,0,0,0,0,0,1,1,0,0,1,5740.32,0.5043478261,0.49411764705882355,0.0862565750212469,0.04906494776855599,-0.03719162725269091,0.20400000000000001,0.23200000000000004,0.028000000000000025,0.09224243477456956,0.08310470725514091,-0.009137727519428651,0.06277465370650337,0.05445698003048355,-0.008317673676019821
5776.973333,New Point,3,1,172,36.19,"section change with slight decrease in intensity and register, but no rest",0.0,0.0,0,0,1,1,1.0,0.0,0,0,0,0,0,0,0,0,0,0,1,5776.51,0.3652173913,0.38823529411764707,0.09746890250544853,0.03691457751783669,-0.06055432498761184,0.21600000000000003,0.304,0.08799999999999997,0.07643950182200843,0.08136039146082359,0.004920889638815165,0.05928683077444628,0.06423161710890334,0.004944786334457059
5885.13,New Point,3,1,173,108.62,Low_Rest,0.0,0.0,0,0,1,0,0.0,1.0,0,0,0,0,0,0,1,1,0,0,0,5885.13,0.5652173913,0.6,0.11382233999598028,0.02845396449810994,-0.08536837549787034,0.096,0.25200000000000006,0.15600000000000006,0.08153578704562225,0.06539570855368657,-0.01614007849193569,0.05834585453239525,0.04848339363847326,-0.009862460893921988
6011.506667,e,3,1,174,126.19,Low_Rest,0.0,0.0,0,1,0,0,0.0,0.0,0,0,0,0,0,0,0,1,0,0,1,6011.32,0.5217391304,0.5529411764705883,0.11605564748762562,0.006098503123847828,-0.10995714436377779,0.14400000000000004,0.4640000000000001,0.32000000000000006,0.08520957171579516,0.07738424838652881,-0.007825323329266345,0.057018666329079516,0.05897100373590527,0.001952337406825752
6285.946667,New Point,4,1,175,274.49,Low_Rest,0.0,0.0,0,1,0,0,0.0,0.0,1,0,0,0,0,0,0,0,0,0,1,6285.81,0.4434782609,0.4470588235294118,0.010062996722315812,0.0038955477738098405,-0.006167448948505972,0.088,0.22000000000000003,0.13200000000000003,0.09103927849970331,0.10149346014518701,0.010454181645483701,0.06331574691422559,0.06875756172571341,0.0054418148114878245
6292.81,New Point,4,1,176,7.0,Low_Rest,0.0,0.0,0,1,0,0,1.0,0.0,1,0,0,0,0,0,0,0,0,0,0,6292.81,0.4347826087,0.4235294117647059,0.01617435874985903,0.004049991200076676,-0.012124367549782352,0.08,0.24,0.15999999999999998,0.12027654354738256,0.09291546907606152,-0.027361074471321037,0.06544866322073757,0.06207149851068213,-0.00337716471005544
6299.12,New Point,4,1,177,6.31,Low_Rest,0.0,0.0,0,0,1,0,1.0,0.0,1,0,0,0,0,0,0,0,0,0,0,6299.12,0.4956521739,0.5294117647058824,0.015517509499090035,0.005083606676079778,-0.010433902823010257,0.14000000000000004,0.05600000000000001,-0.08400000000000003,0.08124912881905039,0.08064066770937718,-0.0006084611096732057,0.061055731389316595,0.06294384242889,0.0018881110395734119
6305.546667,New Point,4,1,178,5.9,Low_Rest,0.0,0.0,0,0,1,0,1.0,0.0,1,0,0,0,0,0,0,0,0,0,1,6305.02,0.4434782609,0.47058823529411764,0.013761713244131002,0.004472143652629083,-0.009289569591501918,0.076,0.0,-0.076,0.09020278551086289,0.09878481525780432,0.00858202974694143,0.06283554868727238,0.06449837080513193,0.0016628221178595498
6312.946667,New Point,4,1,179,7.21,Low_Rest,0.0,0.0,0,0,1,0,1.0,0.0,0,0,0,0,0,0,0,0,0,0,1,6312.23,0.4695652174,0.5176470588235295,0.025148326503981928,0.004950520677614765,-0.02019780582636716,0.0,0.0,0.0,0.1483467007736859,0.07764414735039918,-0.07070255342328671,0.06366521556916095,0.05573337038881644,-0.00793184518034451
6326.43,New Point,4,1,180,14.21,Low_Rest,0.0,0.0,0,1,0,0,1.0,0.0,1,0,0,0,0,0,0,0,0,0,0,6326.43,0.3913043478,0.4,0.03314213425258757,0.006322026250449263,-0.02682010800213831,0.06799999999999999,0.11200000000000002,0.044000000000000025,0.07878081567018759,0.12234918430406276,0.04356836863387517,0.05715981036566196,0.05697158958624217,-0.0001882207794197885
6340.493333,New Point,4,1,181,13.53,Low_Rest,0.0,0.0,0,0,1,0,1.0,1.0,1,0,0,0,0,0,0,0,0,0,1,6339.97,0.452173913,0.4470588235294118,0.0331210400005436,0.017052070999380654,-0.016068969001162944,0.1,0.088,-0.01200000000000001,0.08115489740811764,0.09523523741528343,0.014080340007165792,0.059948700843897695,0.05847503818909698,-0.0014736626548007142
6352.546667,New Point,4,1,182,11.97,Low_Rest,0.0,0.0,0,0,1,0,1.0,0.0,1,0,0,0,0,0,0,0,0,0,1,6351.93,0.4869565217,0.4823529411764706,0.015336158755039516,0.005355236625379679,-0.009980922129659838,0.032,0.068,0.036000000000000004,0.06936147659036535,0.07214861444369125,0.002787137853325905,0.05440458477999464,0.054653885409231585,0.0002493006292369482
6359.026667,New Point,4,1,183,6.27,Low_Rest,0.0,0.0,0,0,1,0,1.0,0.0,1,0,0,0,0,0,0,0,0,0,1,6358.2,0.4434782609,0.47058823529411764,0.041745269250922215,0.0055882640246892375,-0.036157005226232976,0.048,0.22800000000000004,0.18000000000000005,0.07226146482221563,0.06973682890577679,-0.0025246359164388388,0.0565588862150059,0.05659201791170874,3.313169670284e-05
6365.226667,New Point,4,1,184,6.25,Low_Rest,0.0,0.0,0,0,1,0,1.0,0.0,1,0,0,0,0,0,0,0,0,0,1,6364.46,0.4695652174,0.4470588235294118,0.02572544324815037,0.006628790572870698,-0.01909665267527967,0.0,0.184,0.184,0.09213855875383592,0.08122505917093364,-0.010913499582902275,0.06044303084697468,0.05437448696068614,-0.006068543886288538
6382.12,New Point,4,1,185,17.45,Low_Rest,0.0,0.0,0,1,0,0,1.0,0.0,1,1,0,0,0,0,0,0,0,0,1,6381.91,0.5130434783,0.5411764705882353,0.01502560925123439,0.0029678537725562415,-0.012057755478678149,0.11600000000000002,0.12400000000000003,0.008000000000000007,0.08528005463041423,0.07108450694122326,-0.014195547689190971,0.05789198927557221,0.052632852627565695,-0.005259136648006514
6396.1,New Point,4,1,186,14.19,Low_Rest,0.0,0.0,0,1,0,0,1.0,0.0,1,0,0,0,0,0,0,0,0,0,0,6396.1,0.5826086957,0.611764705882353,0.06423484776278425,0.0076684802252824725,-0.05656636753750178,0.33454545454545453,0.2981818181818182,-0.03636363636363632,0.07875989530677634,0.07608509484460452,-0.0026748004621718197,0.062201868901488135,0.05642214084126347,-0.005779728060224663
6408.32,New Point,4,1,187,12.23,Low_Rest,0.0,0.0,0,1,0,0,1.0,0.0,0,1,0,0,0,0,1,0,0,0,0,6408.32,0.4869565217,0.5176470588235295,0.02984196199646138,0.0035317160519337367,-0.026310245944527643,0.35200000000000004,0.076,-0.276,0.08483058313035222,0.08464909406737611,-0.00018148906297610345,0.059832260539540286,0.056289993425062045,-0.003542267114478241
6420.18,New Point,4,1,188,11.85,Low_Rest,0.0,0.0,0,1,0,0,1.0,0.0,0,0,0,0,0,0,0,0,0,0,0,6420.18,0.5652173913,0.5529411764705883,0.08846073751576768,0.007579661749879184,-0.08088107576588849,0.264,0.06,-0.20400000000000001,0.08691096687376074,0.07037891170541608,-0.01653205516834466,0.062845280250007,0.052579063414798045,-0.01026621683520896
6433.07,New Point,4,1,189,12.9,Low_Rest,0.0,0.0,0,1,0,0,1.0,0.0,1,0,0,0,0,0,0,0,0,0,0,6433.07,0.4608695652,0.49411764705882355,0.016157002996303883,0.0029014880477510946,-0.013255514948552788,0.0,0.0,0.0,0.0678500560416653,0.06273065125625431,-0.005119404785410994,0.05393098092312778,0.049544458958002184,-0.004386521965125595
6448.01,New Point,4,1,190,14.93,Low_Rest,0.0,0.0,0,1,0,0,1.0,0.0,1,0,0,0,0,0,0,0,0,0,0,6448.01,0.4434782609,0.49411764705882355,0.10302994748486247,0.007396877743255825,-0.09563306974160664,0.17600000000000002,0.20400000000000001,0.027999999999999997,0.07770679281355666,0.07142604485196043,-0.006280747961596236,0.05947253558151212,0.05749577235781399,-0.001976763223698136
6464.86,New Point,4,1,191,16.86,Low_Rest,0.0,0.0,0,1,0,0,1.0,0.0,1,0,0,0,0,0,0,0,0,0,0,6464.86,0.3913043478,0.47058823529411764,0.08836691000883168,0.007416165202601426,-0.08095074480623025,0.392,0.20400000000000001,-0.188,0.08091739282338686,0.07169225452615928,-0.009225138297227584,0.05561886335681632,0.05479763214384668,-0.0008212312129696336
6472.52,New Point,4,1,192,7.65,Low_Rest,0.0,0.0,0,1,0,0,1.0,0.0,1,0,0,0,0,0,1,0,0,0,0,6472.52,0.4260869565,0.5058823529411764,0.011304574749301974,0.0023246753241216397,-0.008979899425180335,0.08,0.25199999999999995,0.17199999999999993,0.0681494685113501,0.0646038547064597,-0.0035456138048904073,0.054533803472694944,0.055425566334176155,0.0008917628614812101
6477.533333,New Point,4,1,193,4.83,Low_Rest,0.0,0.0,0,1,0,0,1.0,0.0,1,0,0,0,0,0,0,0,0,0,1,6477.35,0.452173913,0.5058823529411764,0.030628728003949744,0.016156913515904266,-0.014471814488045479,0.192,0.148,-0.04400000000000001,0.07357202175550603,0.07599342942986367,0.0024214076743576396,0.05961046625856585,0.05193313438749112,-0.007677331871074729
6490.9,e-1,4,1,194,13.55,Low_Rest,0.0,0.0,1,1,0,0,1.0,0.0,1,0,0,0,0,0,1,0,0,0,0,6490.9,0.5043478261,0.5764705882352941,0.00674079474958462,0.0022071761775674195,-0.004533618572017201,0.21200000000000002,0.06,-0.15200000000000002,0.06878381180615852,0.05745626269737641,-0.011327549108782108,0.0584594881957466,0.047780838629936935,-0.010678649565809668
6541.55,New Point,4,2,195,50.64,Low_Rest,0.0,0.0,0,0,1,0,1.0,0.0,0,0,0,0,0,0,0,1,0,0,0,6541.55,0.452173913,0.5176470588235295,0.05524043846697942,0.013439552415425899,-0.04180088605155352,0.048,0.0,-0.048,0.08334537567063838,0.0728392390122691,-0.010506136658369275,0.0695109594834955,0.057838994138986355,-0.01167196534450915
6568.41,New Point,4,2,196,26.86,Low_Rest,0.0,0.0,0,0,1,1,1.0,1.0,0,0,0,0,0,0,1,1,0,0,0,6568.41,0.3826086957,0.4470588235294118,0.07584421749443225,0.014790130002276788,-0.06105408749215546,0.26799999999999996,0.13599999999999998,-0.13199999999999998,0.07923599910088557,0.08329700962632439,0.004061010525438821,0.06136682735184855,0.06386590878220101,0.0024990814303524622
6579.44,New Point,4,2,197,10.7,Low_Rest,0.0,0.0,0,0,1,0,1.0,0.0,0,0,0,0,0,0,0,0,0,0,1,6579.1,0.4173913043,0.49411764705882355,0.029574387737404256,0.017975650246954463,-0.011598737490449793,0.388,0.20400000000000001,-0.184,0.10884456290270395,0.08431746872002026,-0.024527094182683687,0.07009640499076507,0.07169035893231411,0.0015939539415490422
6591.01,New Point,4,2,198,11.91,Low_Rest,0.0,0.0,0,0,1,0,1.0,0.0,0,0,0,0,0,0,0,1,1,0,0,6591.01,0.4869565217,0.6352941176470588,0.11670168252229181,0.017842938753502135,-0.09885874376878967,0.44800000000000006,0.052000000000000005,-0.3960000000000001,0.07925170843721731,0.08031762188821398,0.0010659134509966722,0.06917050433657976,0.057597923019176656,-0.011572581317403102
6606.133333,New Point,4,2,199,14.73,Low_Rest,0.0,0.0,0,0,1,1,1.0,1.0,0,0,0,0,0,0,1,1,0,0,1,6605.74,0.3826086957,0.4235294117647059,0.03782383424465521,0.013654374998732264,-0.02416945924592295,0.33999999999999997,0.272,-0.06799999999999995,0.07715358504577308,0.07688850731810952,-0.00026507772766355686,0.06091185863424307,0.06824362168085427,0.007331763046611199
6614.96,New Point,4,2,200,9.09,Low_Rest,0.0,0.0,0,0,1,0,0.0,0.0,0,0,0,0,0,0,1,1,0,0,1,6614.83,0.4434782609,0.4588235294117647,0.01343440925055725,0.010918545496930802,-0.002515863753626448,0.29200000000000004,0.33999999999999997,0.04799999999999993,0.08135415618975306,0.07535037960646498,-0.006003776583288073,0.06636597085686734,0.06070284151348163,-0.005663129343385705
6618.94,e-1,4,2,201,4.11,Low_Rest,0.0,0.0,1,1,1,0,1.0,0.0,0,0,0,0,0,0,1,1,0,0,0,6618.94,0.4608695652,0.47058823529411764,0.007608828326487213,0.0025494509013584826,-0.00505937742512873,0.26399999999999996,0.13999999999999999,-0.12399999999999997,0.0739119253248445,0.07063712997684277,-0.0032747953480017356,0.059306932913296764,0.05890462636484737,-0.0004023065484493951
6628.573333,New Point,4,3,202,10.01,Low_Rest,0.0,0.0,1,1,0,0,1.0,0.0,0,0,0,0,1,0,0,0,0,0,1,6628.94,0.547826087,0.6,0.11084914993245838,0.011231664032210393,-0.09961748590024799,0.388,0.31200000000000006,-0.07599999999999996,0.09220973068896934,0.07279103042399046,-0.019418700264978883,0.06875661726432775,0.06001630071879409,-0.008740316545533658
6659.52,New Point,4,3,203,30.2,Low_Rest,0.0,0.0,0,0,1,0,1.0,0.0,0,0,0,0,0,0,1,0,0,0,1,6659.15,0.4173913043,0.38823529411764707,0.08824604995571092,0.02982122150091469,-0.05842482845479623,0.096,0.22400000000000003,0.12800000000000003,0.09231592243351251,0.09152951282961007,-0.0007864096039024437,0.07179140524776444,0.0751022843561291,0.003310879108364667
6677.96,New Point,4,3,204,19.23,Low_Rest,0.0,0.0,1,1,0,0,1.0,0.0,0,0,0,0,1,0,0,0,0,0,1,6678.37,0.6086956522,0.6235294117647059,0.16293123133918186,0.01543924126115367,-0.14749199007802818,0.44800000000000006,0.16,-0.28800000000000003,0.09860679394931054,0.07177403044839722,-0.02683276350091332,0.06636306210980673,0.05640932420596463,-0.009953737903842103
6701.17,New Point,4,3,205,22.79,Low_Rest,0.0,0.0,0,0,1,0,1.0,0.0,0,0,0,0,0,0,1,1,0,0,0,6701.17,0.4782608696,0.5294117647058824,0.06250386252838387,0.05328659400351003,-0.00921726852487384,0.364,0.5479999999999999,0.18399999999999994,0.08573176981347057,0.07615995726861423,-0.00957181254485634,0.07122914472863574,0.06327839554437344,-0.007950749184262307
6711.346667,New Point,4,3,206,9.43,Low_Rest,0.0,0.0,0,0,1,0,1.0,0.0,0,0,0,0,0,0,1,0,0,0,1,6710.59,0.4608695652,0.5176470588235295,0.0532805554857166,0.04014103150596972,-0.013139523979746881,0.396,0.32399999999999995,-0.07200000000000006,0.07747760001833867,0.0835663481135588,0.006088748095220128,0.06495263858549763,0.05938138456987058,-0.005571254015627053
6728.4,New Point,4,3,207,18.54,Low_Rest,0.0,0.0,1,1,0,0,1.0,0.0,0,0,0,0,1,0,0,0,0,0,1,6729.13,0.547826087,0.5647058823529412,0.07306421250121774,0.008346268296197215,-0.06471794420502053,0.28400000000000003,0.0,-0.28400000000000003,0.0862625762769175,0.08224002108903869,-0.004022555187878807,0.0664434365274009,0.053317566709475336,-0.013125869817925559
6757.373333,e,4,3,208,28.47,Low_Rest,0.0,0.0,1,1,0,0,1.0,0.0,0,0,0,0,0,0,1,1,0,0,1,6757.59,0.4956521739,0.5058823529411764,0.007060364400890655,0.01118198833334937,0.004121623932458714,0.384,0.45199999999999996,0.06799999999999995,0.08815011140005641,0.08940626656392957,0.00125615516387316,0.06907628307561353,0.05626593373878656,-0.012810349336826975
6816.546667,x,5,1,209,58.78,Low_Rest,0.0,0.0,0,0,1,0,1.0,1.0,0,0,0,0,0,0,0,1,0,0,1,6816.38,0.4434782609,0.49411764705882355,0.13788654743395043,0.05915595276483343,-0.078730594669117,0.188,0.012,-0.176,0.14918438933946176,0.14417292949491292,-0.005011459844548843,0.09794084589028602,0.09046404524464105,-0.007476800645644974
6829.266667,x,5,1,210,12.6,Low_Rest,0.0,0.0,0,0,1,0,1.0,0.0,0,0,0,0,0,0,1,0,0,0,1,6828.98,0.4173913043,0.5411764705882353,0.0691744974842592,0.030325420475309523,-0.038849077008949684,0.048,0.148,0.09999999999999999,0.1533055784880048,0.12955198822441166,-0.02375359026359314,0.0956973196033746,0.08663054513503912,-0.009066774468335481
6839.666667,New Point,5,1,211,9.46,Low_Rest,0.0,0.0,0,0,1,0,1.0,1.0,0,0,0,0,0,0,1,1,0,0,1,6838.44,0.4782608696,0.5294117647058824,0.1355797324409495,0.023207784758629682,-0.11237194768231983,0.25200000000000006,0.33599999999999997,0.08399999999999991,0.14935357974632502,0.11870233444435611,-0.030651245301968902,0.08709867835252876,0.08625937362517083,-0.0008393047273579229
6847.186667,New Point,5,1,212,8.57,Low_Rest,0.0,0.0,0,0,1,1,1.0,1.0,0,0,0,0,0,1,1,1,0,0,1,6847.01,0.4086956522,0.4117647058823529,0.0740541000090047,0.03066342376883775,-0.043390676240166945,0.42000000000000004,0.5,0.07999999999999996,0.11332309145304587,0.1257946547714752,0.01247156331842933,0.0749455018874163,0.07709310824417559,0.002147606356759285
6851.96,New Point,5,1,213,4.59,Low_Rest,0.0,0.0,0,0,1,0,1.0,0.0,0,0,0,0,0,0,1,0,0,0,1,6851.6,0.547826087,0.5647058823529412,0.043743060267206,0.01893306748459058,-0.02480999278261542,0.548,0.364,-0.18400000000000005,0.11540067207441315,0.09596657858958904,-0.01943409348482411,0.07859877908726412,0.06877404541798988,-0.009824733669274235
6857.44,New Point,5,1,214,5.43,Low_Rest,0.0,0.0,1,1,0,0,1.0,0.0,0,0,0,0,0,0,1,0,0,0,1,6857.03,0.452173913,0.47058823529411764,0.05938109202397658,0.006891482404588901,-0.05248960961938768,0.5439999999999999,0.6120000000000001,0.06800000000000017,0.08903314717821131,0.08612172263115048,-0.002911424547060837,0.07010058694149686,0.07111965643918541,0.0010190694976885545
6875.44,New Point,5,1,215,17.73,Low_Rest,0.0,0.0,1,1,0,0,1.0,0.0,0,0,0,0,0,0,1,0,0,0,1,6874.77,0.4608695652,0.5176470588235295,0.08723496998502396,0.006839585250407627,-0.08039538473461633,0.22400000000000003,0.33199999999999996,0.10799999999999993,0.12499653069984613,0.11081380213571201,-0.01418272856413412,0.07833032425219079,0.07635373117331537,-0.001976593078875419
6898.586667,x,5,1,216,24.57,Low_Rest,0.0,0.0,0,0,1,1,1.0,0.0,0,1,0,0,0,1,0,0,0,0,1,6899.33,0.5826086957,0.5647058823529412,0.12857354490231088,0.05173289850318954,-0.07684064639912133,0.38,0.384,0.0040000000000000036,0.12473866670537961,0.09604052831039973,-0.02869813839497988,0.0882064436226778,0.06831943885489555,-0.01988700476778224
6902.373333,New Point,5,1,217,2.74,Low_Rest,0.0,0.0,1,1,0,0,1.0,0.0,0,1,0,0,0,0,1,1,0,0,1,6902.07,0.5304347826,0.5411764705882353,0.11352220498338854,0.006110884272799073,-0.10741132071058947,0.2840000000000001,0.188,-0.09600000000000009,0.09470625166037262,0.07779434067956058,-0.016911910980812045,0.06226994577161099,0.04951476685474865,-0.012755178916862342
6918.826667,New Point,5,1,218,16.24,Low_Rest,0.0,0.0,0,0,1,1,1.0,1.0,0,0,0,0,0,0,1,0,0,0,1,6918.31,0.4,0.5176470588235295,0.09637187001667005,0.026019123014010083,-0.07035274700265998,0.5199999999999999,0.328,-0.1919999999999999,0.1040897883593492,0.09825736616606154,-0.005832422193287667,0.08042604580669092,0.07560195468912512,-0.004824091117565807
6932.5,e,5,1,219,14.19,Low_Rest,2.0,0.0,1,1,0,0,1.0,0.0,1,0,0,0,1,0,0,0,0,0,0,6932.5,0.2869565217,0.38823529411764707,0.1458240682400311,0.05889585704101607,-0.08692821119901503,0.4327272727272728,0.22545454545454546,-0.20727272727272733,0.11434785110678315,0.11982820318556565,0.005480352078782502,0.08658893914260914,0.07940623129054503,-0.00718270785206411
6979.653333,New Point,6,1,220,47.45,Low_Rest,0.0,0.0,1,1,0,0,1.0,0.0,1,0,0,0,0,1,0,0,0,0,1,6979.95,0.6347826087,0.6823529411764706,0.04690528677868778,0.006088363253335391,-0.040816923525352385,0.292,0.38,0.08800000000000002,0.2253013287991219,0.13805348243624882,-0.08724784636287308,0.13099986493813706,0.08492995327917938,-0.046069911658957685
6988.226667,New Point,6,1,221,8.49,Low_Rest,0.0,0.0,1,1,0,0,1.0,0.0,1,0,0,0,0,1,0,0,0,0,1,6988.45,0.6,0.6,0.08987262501881331,0.0074686867773093996,-0.08240393824150391,0.388,0.10400000000000001,-0.28400000000000003,0.12505334260071316,0.09109412542136529,-0.03395921717934787,0.0799642100554406,0.06355680753125671,-0.016407402524183892
6999.91,New Point,6,1,222,11.46,Low_Rest,0.0,0.0,1,1,0,0,1.0,0.0,1,0,0,0,0,1,0,0,0,0,0,6999.91,0.547826087,0.6352941176470588,0.06861254946301179,0.0104710962764588,-0.05814145318655299,0.068,0.05600000000000001,-0.011999999999999997,0.10662403597352457,0.08103998154206278,-0.025584054431461792,0.07905104452165165,0.060173588897787386,-0.018877455623864267
7013.213333,New Point,6,1,223,13.74,Low_Rest,0.0,0.0,0,0,1,0,1.0,1.0,1,0,0,0,0,0,1,0,0,0,1,7013.65,0.4869565217,0.47058823529411764,0.06459461747086993,0.0362319424988637,-0.02836267497200623,0.016,0.0,-0.016,0.0985564322775263,0.1040488216356092,0.005492389358082897,0.07344016826815655,0.07796101733752263,0.004520849069366076
7047.0,New Point,6,1,224,33.04,Low_Rest,0.0,0.0,0,0,1,0,1.0,0.0,0,0,0,0,0,0,1,1,0,0,1,7046.69,0.4608695652,0.4470588235294118,0.18302296803663554,0.07668083184149507,-0.10634213619514046,0.36,0.11272727272727275,-0.24727272727272726,0.1119134748200986,0.10760678725753073,-0.004306687562567871,0.08054880964557282,0.07625395617558219,-0.004294853469990631
7078.786667,New Point,6,1,225,31.55,Low_Rest,0.0,0.0,0,0,1,0,1.0,0.0,0,0,0,0,0,0,0,1,0,0,1,7078.23,0.4260869565,0.4823529411764706,0.1795297000229343,0.05256394947511454,-0.12696575054781978,0.43200000000000005,0.20400000000000001,-0.22800000000000004,0.11167999648623868,0.11220235809333248,0.0005223616070938047,0.0773976585583895,0.07995066451336454,0.0025530059549750406
7141.466667,New Point,6,1,226,61.79,Low_Rest,0.0,0.0,0,0,1,0,1.0,0.0,0,0,0,0,0,0,1,1,0,0,1,7140.02,0.4086956522,0.5176470588235295,0.11816161750389223,0.037748406736593285,-0.08041321076729895,0.33199999999999996,0.24800000000000005,-0.08399999999999991,0.09054692954652868,0.0880590074381685,-0.0024879221083601855,0.06871645835615228,0.06655867991374373,-0.0021577784424085533
7144.213333,New Point,6,1,227,2.95,Low_Rest,0.0,0.0,0,0,1,0,0.0,0.0,0,0,0,0,0,0,1,1,0,0,1,7142.97,0.4434782609,0.4823529411764706,0.037748406736593285,0.013847533750236618,-0.023900872986356667,0.24800000000000005,0.404,0.15599999999999997,0.0880590074381685,0.07805314044105335,-0.010005866997115143,0.06655867991374373,0.06526673411764994,-0.0012919457960937908
7169.04,e,6,1,228,26.38,Low_Rest,2.0,0.0,1,1,0,0,1.0,0.0,0,0,0,0,0,1,0,0,0,0,1,7169.34,0.2869565217,0.5176470588235295,0.12123407495059375,0.04420898150960968,-0.07702509344098407,0.292,0.484,0.192,0.11358178599664052,0.11979790355111,0.0062161175544694774,0.08266805223333337,0.07703774462523531,-0.005630307608098059
7228.91,New Point,7,1,229,59.57,Low_Rest,0.0,0.0,0,0,1,0,1.0,0.0,1,0,0,0,0,0,1,0,0,0,0,7228.91,0.3913043478,0.4117647058823529,0.028288353482495077,0.012721236509400708,-0.01556711697309437,0.024,0.156,0.132,0.10264951723090583,0.09695139228900347,-0.0056981249419023605,0.061016865998905025,0.058449096852902935,-0.00256776914600209
7263.52,New Point,7,1,230,33.08,Low_Rest,0.0,0.0,1,1,0,0,1.0,0.0,1,0,0,0,0,0,1,0,0,0,1,7261.99,0.5304347826,0.5647058823529412,0.009265647500239194,0.0029830088501157062,-0.006282638650123488,0.052000000000000005,0.0,-0.052000000000000005,0.07082434354809304,0.056622671276892876,-0.014201672271200165,0.0494079348016564,0.047079322398559,-0.0023286124030974034
7297.706667,New Point,7,1,231,35.19,Low_Rest,0.0,0.0,1,1,0,0,1.0,0.0,1,0,0,0,0,0,1,0,0,0,1,7297.17,0.4869565217,0.4823529411764706,0.018237519251611704,0.007089896498546378,-0.011147622753065327,0.11200000000000002,0.088,-0.02400000000000002,0.06351462863067125,0.05548511749257834,-0.008029511138092915,0.048935104215818016,0.04451250696144105,-0.004422597254376964
7315.43,New Point,7,1,232,18.26,Low_Rest,0.0,0.0,0,0,1,0,1.0,0.0,1,0,0,0,0,0,1,1,0,0,0,7315.43,0.5565217391,0.5058823529411764,0.016070655756572218,0.0036357741485891653,-0.012434881607983053,0.0,0.11200000000000002,0.11200000000000002,0.07156723544880068,0.0651474233913158,-0.006419812057484889,0.05527075871954039,0.049437451069680574,-0.005833307649859815
7331.213333,New Point,7,1,233,15.4,Low_Rest,0.0,0.0,1,1,0,0,1.0,0.0,1,0,0,0,0,0,1,0,0,0,1,7330.83,0.4434782609,0.47058823529411764,0.011548726501556802,0.0027957549977635486,-0.008752971503793254,0.22000000000000003,0.20800000000000002,-0.01200000000000001,0.06367840488115215,0.0655690536822856,0.00189064880113346,0.0511057140457941,0.04759461743968948,-0.003511096606104623
7363.346667,New Point,7,1,234,32.05,Low_Rest,0.0,0.0,1,1,0,0,1.0,0.0,1,0,0,0,0,0,1,0,0,0,1,7362.88,0.4347826087,0.36470588235294116,0.009849721001082074,0.002165456146003564,-0.00768426485507851,0.044,0.2,0.15600000000000003,0.0805184137348264,0.06019398269574931,-0.020324431039077093,0.046869409196674795,0.04777975095419271,0.0009103417575179115
7419.226667,New Point,7,1,235,55.7,Low_Rest,0.0,0.0,0,0,1,0,1.0,0.0,1,0,0,0,0,0,0,0,1,0,1,7418.58,0.4173913043,0.4588235294117647,0.09788497753845118,0.05790717000346568,-0.039977807534985504,0.20400000000000001,0.18800000000000003,-0.015999999999999986,0.05913483989220516,0.07962431723724564,0.02048947734504048,0.049804034417703646,0.049837995887755095,3.396147005144817e-05
7468.76,x,7,1,236,48.63,Low_Rest,0.0,0.0,0,0,1,0,1.0,0.0,0,0,0,0,0,0,1,1,0,0,1,7467.21,0.4086956522,0.47058823529411764,0.10383462996147401,0.04840696000154903,-0.05542766995992498,0.16799999999999998,0.036,-0.13199999999999998,0.06546490194491562,0.06418212426773172,-0.001282777677183905,0.049870169421049264,0.04598986400939297,-0.003880305411656293
7477.77,New Point,7,1,237,10.57,Low_Rest,0.0,0.0,0,0,1,0,1.0,0.0,1,0,0,0,0,0,1,1,1,0,0,7477.77,0.4,0.38823529411764707,0.03044550600628466,0.015412400999892703,-0.015033105006391958,0.28400000000000003,0.40800000000000003,0.124,0.06494095007415321,0.0732209685805812,0.008280018506427997,0.046256547199567455,0.044696675171168695,-0.0015598720283987594
7517.61,x,7,1,238,39.83,Low_Rest,0.0,0.0,0,0,1,0,0.0,0.0,1,0,0,0,0,0,1,1,0,0,0,7517.61,0.4086956522,0.3764705882352941,0.008628546254414969,0.007155870501322999,-0.0014726757530919704,0.2,0.10000000000000002,-0.09999999999999999,0.0637821994865391,0.07171681703657395,0.007934617550034856,0.047883005607332656,0.050399360666535206,0.0025163550592025505
7527.613333,e,7,1,239,8.27,Low_Rest,0.0,0.0,1,1,0,0,1.0,0.0,1,1,0,0,0,0,1,1,0,0,1,7525.88,0.3739130435,0.5176470588235295,0.008001208497190845,0.005825452867273859,-0.0021757556299169863,0.012,0.0,-0.012,0.06462834223183504,0.06797309881081628,0.0033447565789812422,0.04977521514058529,0.04485138007407712,-0.0049238350665081684
7588.47,x,8,1,240,62.59,Low_Rest,0.0,0.0,0,0,1,0,1.0,0.0,0,0,0,0,0,0,0,1,0,0,0,7588.47,0.3826086957,0.4,0.037925428502525456,0.013932976252221665,-0.02399245225030379,0.0,0.604,0.604,0.090278357685775,0.08533001266407683,-0.004948345021698164,0.05978986576858636,0.06166894923486318,0.0018790834662768194
7660.992,New Point,8,1,241,72.02,Low_Rest,0.0,0.0,0,0,1,0,1.0,0.0,0,0,0,0,0,0,1,0,0,0,1,7660.48,0.4260869565,0.4117647058823529,0.08503375001288228,0.020329635994867475,-0.0647041140180148,0.21600000000000003,0.05600000000000001,-0.16000000000000003,0.07315747195810285,0.08330980414878908,0.01015233219068623,0.05688554772187073,0.059626841755782686,0.002741294033911955
7711.69,New Point,8,1,242,51.2,Low_Rest,0.0,0.0,0,1,0,0,1.0,0.0,0,0,0,0,0,0,1,0,0,0,0,7711.69,0.4260869565,0.4235294117647059,0.12181159000606578,0.005879758447313828,-0.11593183155875196,0.324,0.132,-0.192,0.07903111631560007,0.06918112550782732,-0.009849990807772754,0.05655286194210809,0.05567557475133751,-0.0008772871907705773
7744.490667,e,8,1,243,33.21,Low_Rest,0.0,0.0,1,1,0,0,1.0,0.0,0,0,0,0,0,0,1,0,0,0,1,7744.9,0.4260869565,0.4588235294117647,0.01192566725354202,0.0024005781477437686,-0.00952508910579825,0.4880000000000001,0.524,0.03599999999999992,0.05996936647153989,0.06462545792671888,0.004656091455178993,0.048760488894399566,0.049061480933274164,0.0003009920388745979
7916.48,New Point,8,1,244,171.3,Low_Rest,0.0,0.0,0,0,1,0,1.0,0.0,0,0,0,0,0,0,1,1,0,0,1,7916.2,0.4956521739,0.5294117647058824,0.13079490004026978,0.056080064507433934,-0.07471483553283584,0.392,0.45600000000000007,0.06400000000000006,0.18012192609920236,0.14541830268484085,-0.034703623414361506,0.10316153913164561,0.09785882074337313,-0.0053027183882724815
7943.424,New Point,8,1,245,26.43,Low_Rest,0.0,0.0,0,0,1,0,1.0,0.0,0,0,0,0,0,0,1,1,0,0,1,7942.63,0.4782608696,0.4235294117647059,0.09936317993309123,0.037017976733500775,-0.06234520319959045,0.42000000000000004,0.164,-0.256,0.1211005965661999,0.11957784264040539,-0.0015227539257945122,0.08222956649079695,0.08349844104051962,0.0012688745497226733
8026.197333,New Point,8,1,246,83.33,Low_Rest,0.0,0.0,0,0,1,0,1.0,0.0,0,0,0,0,0,0,1,1,0,0,1,8025.96,0.4608695652,0.49411764705882355,0.1636549426067754,0.08549482300614443,-0.07816011960063098,0.608,0.708,0.09999999999999998,0.1267653070895801,0.1096163991536963,-0.017148907935883792,0.08918368695085849,0.08286934991635436,-0.006314337034504125
8041.962667,e,8,1,247,16.26,Low_Rest,2.0,0.0,1,1,0,0,1.0,0.0,0,0,0,0,0,1,0,0,0,0,1,8042.22,0.0,0.4235294117647059,0.13560688757119185,0.08426078694763034,-0.051346100623561514,0.5520000000000002,0.768,0.21599999999999986,0.11089831655127809,0.14469881236091564,0.03380049580963755,0.08244593708235892,0.08555441341148053,0.003108476329121604
