TIME,LABEL,Set,Movement,cues,Type,Gap,Rest,Connect,Voices_dec,Note_rate_dec,Drone,TextInc,Phr_end,Phr_begining,Elide,Sequence,Rubato,Rit,Fermata,Tempo_inc,Diminuendo,Fp/Fz,Cresc,Precision,end,OLDTIME,Ratio,SoundAmp_pre,SoundAmp_post,SoundAmp_shift,OnsetRate_pre,OnsetRate_post,OnsetRate_shift,QoMmean_pre,QoMmean_post,QoMmean_shift,QoMmedian_pre,QoMmedian_post,QoMmedian_shift
61.32,2.5,1,1,3.0,pause,1.0,1.0,0.0,1.0,0.0,0.0,0.0,1.0,0.0,0.0,0.0,0.0,0.0,0.0,0.0,1.0,0.0,0.0,1.0,0.0,61.32,0.3764705882352941,0.1087462324315025,0.003268426723254613,-0.10547780570824788,0.18400000000000002,0.092,-0.09200000000000003,0.08955645422477229,0.1037011250947651,0.014144670869992812,0.06530713367531774,0.07438730440581458,0.009080170730496842
65.84,4.5,1,1,3.0,pause,1.0,1.0,0.0,0.0,0.0,0.0,0.0,1.0,0.0,0.0,1.0,1.0,0.0,0.0,0.0,0.0,1.0,0.0,1.0,0.0,65.84,0.5647058823529412,0.09103149347253349,0.0165677233371478,-0.07446377013538569,0.22800000000000004,0.18,-0.04800000000000004,0.09371856338587056,0.07608152362777931,-0.01763703975809125,0.06523118351635485,0.05979719455516197,-0.005433988961192876
79.02,10.25,1,1,3.0,pause,1.0,1.0,0.0,0.0,0.0,0.0,0.0,1.0,0.0,0.0,0.0,1.0,0.0,0.0,0.0,1.0,0.0,0.0,1.0,0.0,79.02,0.5882352941176471,0.0447344157507991,0.003089939601636972,-0.041644476149162134,0.488,0.10800000000000001,-0.38,0.09598262172476302,0.08384136415907018,-0.012141257565692842,0.07170115465146006,0.06646693805427621,-0.005234216597183844
88.75,13.0,1,1,3.0,close,0.0,0.0,1.0,0.0,0.0,0.0,0.0,1.0,0.0,0.0,1.0,1.0,0.0,0.0,0.0,1.0,0.0,0.0,1.0,0.0,88.26,0.5176470588235295,0.047425322750974906,0.01127092249868572,-0.036154400252289186,0.172,0.164,-0.00799999999999998,0.0842737859562558,0.07468570152180855,-0.009588084434447253,0.06740255478693788,0.06603977040773043,-0.001362784379207449
95.79,17.5,1,1,4.0,dropin,0.0,0.0,1.0,1.0,0.0,0.0,0.0,1.0,1.0,1.0,0.0,0.0,0.0,0.0,0.0,1.0,1.0,0.0,0.0,0.0,95.78,0.4117647058823529,0.0815325000175465,0.03136974147135322,-0.05016275854619328,0.5,0.388,-0.11199999999999999,0.07127310778278176,0.08287483493657642,0.011601727153794664,0.06212914334345745,0.06663362350264881,0.004504480159191367
111.57,25.625,1,1,1.0,trade,0.0,0.0,1.0,1.0,0.0,0.0,0.0,0.0,1.0,0.0,0.0,0.0,0.0,0.0,0.0,0.0,0.0,0.0,0.0,0.0,111.57,0.5058823529411764,0.07086577159774464,0.014613601256381888,-0.05625217034136275,0.40800000000000003,0.172,-0.23600000000000004,0.09634122890007726,0.08104059091613096,-0.015300637983946305,0.07186246394587562,0.06382024830488683,-0.008042215640988781
115.11,27.625,1,1,1.0,trade,0.0,0.0,1.0,1.0,0.0,0.0,0.0,0.0,1.0,0.0,1.0,0.0,0.0,0.0,0.0,0.0,0.0,0.0,0.0,0.0,115.11,0.49411764705882355,0.01395090225151333,0.03539596050160969,0.021445058250096356,0.21599999999999997,0.23200000000000004,0.01600000000000007,0.07870692082063172,0.08740599213155029,0.008699071310918571,0.061582260171624215,0.0664451987267107,0.004862938555086488
118.85,29.625,1,1,1.0,trade,0.0,0.0,1.0,1.0,0.0,0.0,0.0,0.0,1.0,0.0,1.0,0.0,0.0,0.0,0.0,0.0,0.0,0.0,0.0,0.0,118.85,0.5176470588235295,0.022067746267237835,0.014141246002056903,-0.007926500265180932,0.22800000000000004,0.172,-0.05600000000000005,0.08800806104111487,0.08129593437860433,-0.006712126662510545,0.0713907331906177,0.06530059429823794,-0.006090138892379762
133.16,37.0,1,1,2.0,trade,0.0,0.0,1.0,0.0,0.0,0.0,0.0,0.0,1.0,1.0,0.0,1.0,0.0,0.0,0.0,1.0,0.0,0.0,0.0,0.0,133.15,0.4470588235294118,0.04417731573024293,0.03237322601902198,-0.011804089711220947,0.4720000000000001,0.284,-0.1880000000000001,0.08554443918654905,0.08704697137866682,0.001502532192117767,0.06869557672718128,0.07015513816291322,0.0014595614357319348
138.88,40.0,1,1,2.0,trade,0.0,0.0,1.0,0.0,0.0,0.0,0.0,1.0,1.0,1.0,1.0,0.0,0.0,0.0,0.0,0.0,1.0,0.0,1.0,0.0,138.88,0.4588235294117647,0.05167993422532097,0.024089503244535095,-0.027590430980785872,0.44399999999999995,0.22000000000000003,-0.22399999999999992,0.0938342868056347,0.08867423738168803,-0.005160049423946669,0.07297781168175761,0.07236667692748118,-0.0006111347542764323
146.17,44.0,1,1,1.0,drop,0.0,0.0,1.0,1.0,0.0,0.0,0.0,1.0,1.0,1.0,1.0,0.0,0.0,0.0,0.0,1.0,0.0,0.0,0.0,0.0,146.17,0.5647058823529412,0.12572617743909204,0.016452637253748105,-0.10927354018534394,0.5039999999999999,0.11199999999999999,-0.3919999999999999,0.093364460660191,0.10605124936859107,0.012686788708400079,0.07209129578167996,0.06921959078696799,-0.0028717049947119683
149.89,46.0,1,1,1.0,thin,0.0,0.0,1.0,1.0,1.0,0.0,0.0,1.0,1.0,1.0,0.0,0.0,0.0,0.0,0.0,0.0,0.0,0.0,1.0,0.0,149.89,0.43529411764705883,0.024710999498411785,0.05256567275205246,0.027854673253640678,0.176,0.21600000000000003,0.040000000000000036,0.09343693324936173,0.09237657309134831,-0.001060360158013418,0.07113122898051256,0.07641309478582312,0.005281865805310551
151.87,47.0,1,1,0.0,thin,0.0,0.0,1.0,0.0,1.0,1.0,0.0,0.0,0.0,0.0,0.0,1.0,0.0,0.0,0.0,1.0,0.0,0.0,1.0,0.0,151.87,0.5882352941176471,0.040308648478327075,0.054047194006544994,0.013738545528217919,0.388,0.21199999999999997,-0.17600000000000005,0.09758460044678906,0.08574050468501518,-0.011844095761773879,0.0804885290344132,0.07119882438256368,-0.009289704651849515
157.92,49.99,1,1,1.0,freeze,1.0,0.0,0.0,0.0,0.0,0.0,0.0,0.0,0.0,0.0,0.0,1.0,0.0,0.0,0.0,0.0,0.0,1.0,1.0,0.0,157.92,0.5647058823529412,0.04790860398535046,0.04477731330065368,-0.0031312906846967803,0.276,0.08,-0.196,0.08627388696798372,0.07403630587129796,-0.012237581096685754,0.07164481675157691,0.06420553168724386,-0.007439285064333057
173.95,58.25,1,1,1.0,halt,1.0,1.0,0.0,0.0,0.0,0.0,0.0,1.0,0.0,0.0,0.0,0.0,0.0,0.0,0.0,0.0,0.0,1.0,1.0,0.0,173.95,0.5176470588235295,0.130996732554402,0.011436996871752685,-0.11955973568264931,0.6199999999999999,0.044000000000000004,-0.5759999999999998,0.0883600031828224,0.07588307680054532,-0.012476926382277084,0.06267265341405585,0.06145666469187293,-0.0012159887221829258
176.16,59.25,1,1,1.0,pause,1.0,1.0,0.0,0.0,0.0,0.0,0.0,1.0,0.0,0.0,0.0,0.0,0.0,0.0,0.0,1.0,0.0,0.0,1.0,0.0,176.16,0.5882352941176471,0.11775123504888603,0.003702980673563511,-0.11404825437532252,0.048,0.18400000000000002,0.136,0.08221374913031537,0.07991118579603365,-0.002302563334281721,0.06578676793376378,0.061922203953400555,-0.0038645639803632295
178.54,60.25,1,1,1.0,pause,1.0,1.0,0.0,0.0,0.0,0.0,0.0,1.0,0.0,0.0,1.0,0.0,0.0,0.0,0.0,0.0,0.0,0.0,1.0,0.0,178.54,0.5294117647058824,0.011054062175734484,0.006896640372792194,-0.0041574218029422905,0.036,0.244,0.208,0.0802263860798346,0.08264409857520202,0.00241771249536743,0.06446534010340062,0.05971943997590716,-0.004745900127493458
180.72,61.25,1,1,1.0,pause,1.0,1.0,0.0,0.0,0.0,0.0,0.0,1.0,0.0,0.0,1.0,0.0,0.0,0.0,0.0,0.0,0.0,0.0,1.0,0.0,180.72,0.5647058823529412,0.030690551998875874,0.004205517055633273,-0.0264850349432426,0.044,0.164,0.12000000000000001,0.07833136369621461,0.06939614890823922,-0.00893521478797539,0.06022685784740711,0.05712449544870386,-0.0031023623987032484
183.36,62.25,1,1,1.0,rest,1.0,1.0,0.0,0.0,0.0,0.0,0.0,1.0,0.0,0.0,1.0,1.0,0.0,0.0,0.0,1.0,0.0,0.0,1.0,0.0,183.36,0.611764705882353,0.0070298280298001755,0.004687126497980783,-0.0023427015318193923,0.06400000000000002,0.036,-0.028000000000000018,0.07458074807451691,0.06469884270774998,-0.009881905366766933,0.06076420398946934,0.05514706332017879,-0.005617140669290553
193.03,66.25,1,1,1.0,pause,1.0,0.0,0.0,0.0,0.0,0.0,0.0,1.0,0.0,0.0,0.0,0.0,0.0,0.0,0.0,1.0,0.0,0.0,1.0,0.0,193.03,0.4588235294117647,0.050566351222699424,0.0059642718507199426,-0.04460207937197948,0.144,0.084,-0.059999999999999984,0.07181637281563506,0.0761042131851969,0.0042878403695618406,0.058232629372967505,0.06413489049647435,0.0059022611235068426
222.86,80.75,1,1,2.0,halt,1.0,1.0,0.0,1.0,0.0,0.0,0.0,1.0,0.0,0.0,0.0,0.0,0.0,0.0,0.0,1.0,0.0,1.0,1.0,0.0,222.86,0.5647058823529412,0.09660882011466274,0.006562083371013346,-0.0900467367436494,0.4760000000000001,0.004,-0.4720000000000001,0.08056853456217553,0.08546698889575807,0.004898454333582547,0.06763252246959349,0.06209500689599403,-0.005537515573599459
230.3,84.25,1,1,2.0,halt,1.0,1.0,0.0,1.0,0.0,0.0,0.0,1.0,0.0,0.0,1.0,0.0,0.0,0.0,0.0,1.0,0.0,1.0,1.0,0.0,230.3,0.49411764705882355,0.05286869953985023,0.006821325114550043,-0.046047374425300186,0.5127272727272727,0.07636363636363637,-0.43636363636363634,0.10813759016595523,0.09891048757185329,-0.009227102594101935,0.06904612898881123,0.067954625592089,-0.001091503396722232
235.86,86.75,1,1,2.0,pause,1.0,1.0,0.0,1.0,0.0,0.0,0.0,1.0,0.0,0.0,1.0,0.0,0.0,0.0,0.0,1.0,0.0,1.0,1.0,0.0,235.34,0.5176470588235295,0.05501308351403021,0.01617473475430822,-0.03883834875972199,0.35600000000000004,0.144,-0.21200000000000005,0.09948189156766775,0.08102660638803683,-0.018455285179630923,0.06677048696526147,0.06480616333837534,-0.0019643236268861303
238.46,87.5,1,1,2.0,pause,1.0,1.0,0.0,1.0,0.0,0.0,0.0,1.0,0.0,0.0,1.0,1.0,0.0,0.0,0.0,1.0,0.0,1.0,1.0,0.0,237.7,0.5411764705882353,0.042325074980370345,0.01386298878633902,-0.028462086194031323,0.08,0.23200000000000004,0.15200000000000002,0.08820206449317464,0.08156202375916284,-0.006640040734011796,0.07079225213305103,0.06330017060921359,-0.007492081523837443
268.18,103.25,1,1,2.0,stop,1.0,1.0,0.0,1.0,0.0,0.0,0.0,1.0,0.0,0.0,1.0,0.0,0.0,0.0,0.0,0.0,0.0,0.0,1.0,0.0,268.18,0.5058823529411764,0.1108696825475934,0.006361072072288203,-0.1045086104753052,0.256,0.044,-0.21200000000000002,0.09328128560040613,0.07494460127210198,-0.018336684328304154,0.0689214759303854,0.06432088321488086,-0.004600592715504545
281.95,109.25,1,1,1.0,rest,1.0,1.0,0.0,0.0,1.0,0.0,0.0,1.0,0.0,0.0,1.0,1.0,0.0,0.0,0.0,1.0,0.0,0.0,1.0,0.0,281.95,0.611764705882353,0.05897164324250863,0.006425330550936687,-0.05254631269157194,0.22800000000000004,0.08,-0.14800000000000002,0.08273426246640482,0.08259117077603373,-0.0001430916903710916,0.065600379439766,0.059600851138363754,-0.005999528301402247
291.19,113.5,1,1,1.0,pass,0.0,0.0,1.0,1.0,0.0,0.0,0.0,0.0,1.0,0.0,1.0,0.0,0.0,0.0,0.0,1.0,0.0,0.0,1.0,0.0,291.19,0.36470588235294116,0.04713843522938635,0.010160490742726212,-0.03697794448666014,0.30000000000000004,0.152,-0.14800000000000005,0.06564890446837338,0.06963228720850924,0.003983382740135863,0.054967954864881374,0.06087246168537994,0.005904506820498569
295.26,115.45,1,1,1.0,lift,1.0,0.0,0.0,0.0,0.0,0.0,0.0,1.0,0.0,0.0,1.0,1.0,0.0,0.0,0.0,0.0,0.0,0.0,0.0,0.0,295.26,0.5411764705882353,0.029023149987801523,0.006486497548533686,-0.022536652439267835,0.188,0.244,0.055999999999999994,0.07854649855402662,0.07214528012714636,-0.006401218426880267,0.06724248540015387,0.06237843329753691,-0.004864052102616964
307.43,121.5,1,1,1.0,thin,0.0,0.0,1.0,1.0,1.0,0.0,0.0,0.0,1.0,1.0,1.0,0.0,0.0,0.0,0.0,0.0,1.0,0.0,0.0,0.0,307.01,0.5176470588235295,0.14891313509095866,0.028472682984191026,-0.12044045210676763,0.2,0.12,-0.08000000000000002,0.08083866273437793,0.07582721750420125,-0.005011445230176673,0.0652498578726842,0.06383543392275559,-0.001414423949928606
313.96,124.75,1,1,1.0,lift,1.0,0.0,0.0,0.0,1.0,0.0,0.0,1.0,0.0,0.0,0.0,1.0,0.0,0.0,0.0,0.0,0.0,0.0,1.0,0.0,313.45,0.4588235294117647,0.05509842747339979,0.05086349453781862,-0.004234932935581172,0.292,0.20400000000000001,-0.08799999999999997,0.09007373134137134,0.08643066943326799,-0.0036430619081033455,0.06882980133331791,0.06905013065285323,0.0002203293195353201
333.65,135.0,1,1,1.0,thin,0.0,0.0,1.0,1.0,0.0,0.0,0.0,0.0,1.0,1.0,1.0,1.0,0.0,0.0,0.0,1.0,0.0,0.0,1.0,0.0,333.65,0.49411764705882355,0.06600430247304175,0.027992881265906357,-0.03801142120713539,0.2880000000000001,0.34,0.051999999999999935,0.082690750574362,0.073271178129157,-0.009419572445204999,0.06392968067078889,0.06605767077507493,0.0021279901042860483
352.44,145.0,1,1,0.0,lighten,0.0,0.0,1.0,0.0,0.0,0.0,1.0,1.0,1.0,0.0,0.0,0.0,0.0,0.0,0.0,1.0,0.0,0.0,1.0,0.0,352.44,0.5294117647058824,0.0839788380070401,0.0171418570060898,-0.06683698100095031,0.324,0.1,-0.224,0.0792131754303425,0.07181610686084036,-0.007397068569502133,0.06775556873961903,0.06543485917890926,-0.0023207095607097744
364.19,150.99,1,1,1.0,freeze,1.0,0.0,0.0,0.0,0.0,0.0,0.0,1.0,0.0,0.0,0.0,1.0,0.0,0.0,0.0,0.0,1.0,0.0,1.0,0.0,364.19,0.6352941176470588,0.055347885972401104,0.019672619758316783,-0.03567526621408432,0.33199999999999996,0.164,-0.16799999999999995,0.09447007817935128,0.09050793763317026,-0.00396214054618102,0.0731091428503017,0.06769914556325915,-0.005409997287042556
371.9,155.0,1,1,1.0,thin,0.0,0.0,1.0,1.0,1.0,0.0,0.0,1.0,1.0,1.0,0.0,1.0,0.0,0.0,0.0,1.0,0.0,0.0,1.0,0.0,371.9,0.4470588235294118,0.04258419650603676,0.09712058099897208,0.054536384492935325,0.384,0.26800000000000007,-0.11599999999999994,0.07414206511247916,0.07723989014831373,0.00309782503583457,0.06326822782879678,0.06328483787534486,1.6610046548085067e-05
380.63,159.25,1,1,1.0,halt,1.0,1.0,0.0,0.0,0.0,0.0,0.0,1.0,0.0,0.0,0.0,1.0,0.0,0.0,0.0,0.0,0.0,1.0,1.0,0.0,380.4,0.5529411764705883,0.09344140502764739,0.008120436827664213,-0.08532096819998318,0.43200000000000005,0.12,-0.31200000000000006,0.09440597837163525,0.09767089953504367,0.0032649211634084158,0.0709199153674047,0.06477212282458511,-0.006147792542819594
382.82,160.25,1,1,2.0,pause,1.0,1.0,0.0,1.0,0.0,0.0,0.0,1.0,0.0,0.0,0.0,0.0,0.0,0.0,0.0,1.0,0.0,0.0,1.0,0.0,382.82,0.5764705882352941,0.07881577751698252,0.0028682176012202977,-0.07594755991576221,0.012,0.34,0.328,0.10365577508593138,0.07540651525156503,-0.028249259834366353,0.06941054347535947,0.060907847532952496,-0.00850269594240697
385.2,161.25,1,1,2.0,pause,1.0,1.0,0.0,1.0,0.0,0.0,0.0,1.0,0.0,0.0,1.0,0.0,0.0,0.0,0.0,0.0,0.0,0.0,1.0,0.0,385.2,0.4470588235294118,0.019330901294841697,0.003436878347230294,-0.015894022947611403,0.032,0.148,0.11599999999999999,0.07599022831597955,0.0711637751118881,-0.00482645320409146,0.060511421811806916,0.058403270014778935,-0.002108151797027981
387.38,162.25,1,1,2.0,pause,1.0,1.0,0.0,1.0,0.0,0.0,0.0,1.0,0.0,0.0,1.0,0.0,0.0,0.0,0.0,0.0,0.0,0.0,1.0,0.0,387.38,0.43529411764705883,0.031224955009185724,0.0029374245238906814,-0.028287530485295042,0.06,0.236,0.176,0.0722002178059711,0.07976363626562953,0.007563418459658425,0.061017997850849645,0.061212281223218125,0.00019428337236847976
390.12,163.25,1,1,2.0,pause,1.0,1.0,0.0,1.0,0.0,0.0,0.0,1.0,0.0,0.0,1.0,1.0,0.0,0.0,0.0,0.0,0.0,0.0,1.0,0.0,389.8,0.5764705882352941,0.0036834559764875943,0.0032233967293152943,-0.00046005924717230006,0.164,0.028000000000000004,-0.136,0.07852363996783204,0.07417243426319922,-0.004351205704632821,0.05973009173611279,0.05431144737557827,-0.005418644360534519
419.2,178.0,1,1,1.0,land,0.0,0.0,1.0,1.0,1.0,0.0,0.0,1.0,1.0,1.0,0.0,1.0,0.0,0.0,0.0,1.0,0.0,0.0,1.0,0.0,419.2,0.5176470588235295,0.10973625348053842,0.08794227751467651,-0.02179397596586191,0.344,0.176,-0.16799999999999998,0.08235619040688823,0.07080469919299674,-0.011551491213891485,0.0664099287480609,0.061036013456982376,-0.005373915291078522
427.21,181.99,1,1,1.0,halt,1.0,0.0,0.0,0.0,0.0,0.0,0.0,1.0,0.0,0.0,0.0,1.0,0.0,0.0,0.0,0.0,1.0,0.0,1.0,0.0,427.21,0.6,0.08833180250700132,0.02325215350725412,-0.06507964899974719,0.356,0.248,-0.10799999999999998,0.08375625905268572,0.07200859806775152,-0.011747660984934197,0.0712283495381366,0.05957374929225754,-0.011654600245879061
430.68,183.5,1,1,2.0,freeze,1.0,1.0,0.0,1.0,0.0,0.0,0.0,1.0,0.0,0.0,0.0,0.0,0.0,0.0,0.0,1.0,0.0,0.0,1.0,0.0,430.68,0.4470588235294118,0.044541839502366724,0.00402340845081922,-0.0405184310515475,0.26800000000000007,0.17200000000000001,-0.09600000000000006,0.0748549018185842,0.0979127475199393,0.023057845701355092,0.06225994922160953,0.06343043141060298,0.0011704821889934464
436.25,185.67,1,1,2.0,stop,1.0,0.0,0.0,1.0,0.0,0.0,0.0,1.0,0.0,0.0,1.0,1.0,0.0,0.0,0.0,0.0,0.0,0.0,1.0,0.0,435.92,0.6,0.15406818247779422,0.011797040900346719,-0.1422711415774475,0.29200000000000004,0.092,-0.20000000000000004,0.09022522179748457,0.07902931849740716,-0.011195903300077414,0.0693932705600193,0.06110860410696943,-0.008284666453049871
452.48,191.68,1,1,1.0,pause,1.0,0.0,0.0,0.0,1.0,0.0,0.0,0.0,0.0,0.0,0.0,1.0,0.0,1.0,0.0,0.0,0.0,1.0,1.0,0.0,453.41,0.5764705882352941,0.17940764746182866,0.005007368948420761,-0.1744002785134079,0.25600000000000006,0.096,-0.16000000000000006,0.0823337186359396,0.09544608490757668,0.013112366271637074,0.06892881949900641,0.06195207008941238,-0.00697674940959403
457.63,193.25,1,1,2.0,end,1.0,1.0,0.0,1.0,0.0,0.0,0.0,1.0,0.0,0.0,0.0,1.0,0.0,0.0,0.0,1.0,0.0,0.0,0.0,1.0,457.63,0.5882352941176471,0.030364004473566415,0.002839939251381604,-0.027524065222184813,0.43600000000000005,0.0,-0.43600000000000005,0.06987697216490048,0.06785857217547041,-0.0020183999894300697,0.06223724278990341,0.05589868284092232,-0.006338559948981089
488.95,24.33,1,2,0.0,calm,0.0,0.0,1.0,0.0,1.0,0.0,0.0,0.0,0.0,0.0,0.0,1.0,0.0,0.0,0.0,1.0,0.0,0.0,0.0,0.0,488.95,0.6,0.17002194752234429,0.02611093249683678,-0.14391101502550752,0.21999999999999997,0.148,-0.07199999999999998,0.10277028269802471,0.08201286661411789,-0.020757416083906827,0.0747522642583464,0.06586325960257776,-0.00888900465576864
497.05,39.33,1,2,1.0,pullback,0.0,0.0,1.0,1.0,0.0,0.0,0.0,0.0,0.0,1.0,0.0,0.0,0.0,0.0,0.0,1.0,0.0,0.0,1.0,0.0,497.04,0.49411764705882355,0.20234432009017062,0.03141199070336202,-0.17093232938680858,0.396,0.10400000000000001,-0.29200000000000004,0.08475376882410102,0.07716464901493705,-0.007589119809163963,0.06946076265773754,0.06488499764678243,-0.004575765010955107
515.61,24.33,1,2,0.0,calm,0.0,0.0,1.0,0.0,1.0,0.0,0.0,0.0,0.0,0.0,1.0,1.0,0.0,0.0,0.0,1.0,0.0,0.0,0.0,0.0,515.61,0.5882352941176471,0.18529974249342748,0.02554696998918382,-0.15975277250424366,0.11200000000000002,0.132,0.01999999999999999,0.10077932488305659,0.0812395194119239,-0.019539805471132696,0.07040785681352336,0.06219061114983689,-0.008217245663686472
523.71,39.33,1,2,1.0,pullback,0.0,0.0,1.0,1.0,0.0,0.0,0.0,0.0,0.0,1.0,1.0,0.0,0.0,0.0,0.0,1.0,0.0,0.0,1.0,0.0,523.71,0.4,0.18952236248183965,0.03626741701539834,-0.1532549454664413,0.296,0.172,-0.124,0.0872108917678701,0.09070156035027846,0.00349066858240836,0.06670084186854827,0.07030751060512273,0.0036066687365744615
602.84,193.33,1,2,0.0,thin,0.0,0.0,1.0,0.0,1.0,0.0,0.0,0.0,1.0,0.0,0.0,1.0,0.0,0.0,0.0,0.0,0.0,0.0,0.0,0.0,602.84,0.5294117647058824,0.029406696245595332,0.03412907600189395,0.00472237975629862,0.368,0.12400000000000003,-0.24399999999999997,0.08724635250671248,0.07355451777032222,-0.013691834736390254,0.06830086956131402,0.06309485754566035,-0.005206012015653669
619.75,224.33,1,2,0.0,calm,0.0,0.0,1.0,0.0,1.0,0.0,0.0,0.0,0.0,0.0,0.0,1.0,0.0,0.0,0.0,1.0,0.0,0.0,0.0,0.0,619.75,0.5529411764705883,0.14809837498086487,0.029802196487475074,-0.11829617849338979,0.096,0.21200000000000002,0.11600000000000002,0.10226106641199117,0.09046831528364838,-0.011792751128342799,0.07293014591881482,0.06947662878107946,-0.003453517137735354
627.89,239.33,1,2,1.0,pullback,0.0,0.0,1.0,1.0,0.0,0.0,0.0,0.0,0.0,1.0,0.0,0.0,0.0,0.0,0.0,1.0,0.0,0.0,1.0,0.0,627.89,0.5647058823529412,0.15231386254351462,0.030627349258937252,-0.12168651328457736,0.25600000000000006,0.072,-0.18400000000000005,0.09277334123005505,0.08695403919590179,-0.005819302034153262,0.07252065350237069,0.06861971317252757,-0.0039009403298431167
646.66,224.33,1,2,0.0,calm,0.0,0.0,1.0,0.0,1.0,0.0,0.0,0.0,0.0,0.0,1.0,1.0,0.0,0.0,0.0,1.0,0.0,0.0,0.0,0.0,646.66,0.6,0.1696376699637429,0.021024328497314636,-0.14861334146642827,0.1,0.152,0.05199999999999999,0.0876554595678608,0.07276246476408893,-0.014892994803771875,0.07076402383870102,0.060105312292105736,-0.010658711546595284
654.77,239.33,1,2,1.0,pullback,0.0,0.0,1.0,1.0,0.0,0.0,0.0,0.0,0.0,1.0,1.0,0.0,0.0,0.0,0.0,1.0,0.0,0.0,1.0,0.0,654.77,0.5882352941176471,0.17545551998277603,0.031086610267080768,-0.14436890971569527,0.3000000000000001,0.088,-0.2120000000000001,0.09520395333200629,0.08399962540925374,-0.011204327922752555,0.07316316930695907,0.06592237862460286,-0.00724079068235621
670.15,268.0,1,2,2.0,pause,1.0,1.0,0.0,1.0,0.0,0.0,0.0,1.0,0.0,0.0,0.0,0.0,0.0,0.0,0.0,1.0,0.0,0.0,1.0,0.0,670.15,0.5529411764705883,0.04773052614710171,0.01649869199839678,-0.031231834148704927,0.17600000000000002,0.092,-0.08400000000000002,0.09235944221758294,0.0943808793361471,0.0020214371185641594,0.06721720436178834,0.06012351803474092,-0.007093686327047419
672.59,272.33,1,2,1.0,end,1.0,1.0,0.0,0.0,0.0,0.0,0.0,1.0,0.0,0.0,1.0,0.0,0.0,0.0,0.0,0.0,1.0,0.0,1.0,1.0,672.59,0.5176470588235295,0.028413074503492952,0.005773661252272098,-0.022639413251220854,0.11200000000000002,0.0,-0.11200000000000002,0.0966560877746884,0.1039063301776868,0.0072502424029984025,0.06299836834751141,0.06659718521977388,0.0035988168722624753
716.28,2.99,1,3,0.0,lift,0.0,0.0,1.0,0.0,0.0,1.0,0.0,0.0,0.0,1.0,0.0,1.0,0.0,0.0,0.0,1.0,0.0,0.0,0.0,0.0,715.68,0.49411764705882355,0.031488486999158155,0.008067265252601789,-0.023421221746556364,0.196,0.12400000000000003,-0.07199999999999998,0.07717636244401431,0.06821732269977841,-0.008959039744235897,0.06587626322914295,0.057899980999736735,-0.00797628222940621
787.56,12.83,1,3,0.0,drift,0.0,0.0,1.0,0.0,0.0,0.0,0.0,1.0,0.0,1.0,0.0,1.0,0.0,0.0,0.0,1.0,0.0,0.0,0.0,0.0,787.01,0.5294117647058824,0.02480216201440686,0.014355375496494082,-0.010446786517912778,0.364,0.19200000000000003,-0.17199999999999996,0.0700587373226742,0.06850473079155288,-0.0015540065311213241,0.0606302496781726,0.05664637219495901,-0.003983877483213591
819.74,17.45,1,3,2.0,pause,1.0,0.0,0.0,1.0,0.0,0.0,0.0,1.0,0.0,0.0,0.0,1.0,0.0,0.0,0.0,1.0,0.0,0.0,0.0,0.0,818.98,0.5764705882352941,0.06497495169690634,0.011690184933234728,-0.05328476676367161,0.196,0.15599999999999997,-0.040000000000000036,0.06967924757046431,0.07575161436977873,0.006072366799314416,0.05987882510974642,0.05448824799268513,-0.005390577117061285
827.09,18.5,1,3,1.0,thin,0.0,1.0,1.0,1.0,0.0,1.0,0.0,0.0,0.0,0.0,0.0,1.0,0.0,0.0,0.0,1.0,0.0,0.0,1.0,0.0,826.07,0.5176470588235295,0.06409512001839304,0.003600119072646243,-0.0604950009457468,0.088,0.08800000000000001,1.3877787807814457e-17,0.07782752439915235,0.07584829899192261,-0.001979225407229737,0.06391323827600584,0.060133035087098365,-0.003780203188907476
838.37,20.0,1,3,1.0,thin,0.0,1.0,1.0,1.0,0.0,1.0,0.0,0.0,0.0,0.0,0.0,1.0,0.0,0.0,0.0,1.0,0.0,0.0,1.0,0.0,836.83,0.5529411764705883,0.015806074997441025,0.006708239495258462,-0.009097835502182563,0.26400000000000007,0.16,-0.10400000000000006,0.07800398697871606,0.060234401377340895,-0.01776958560137517,0.058405339164956806,0.050686074473914045,-0.007719264691042761
844.97,20.99,1,3,2.0,thin,1.0,0.0,0.0,1.0,0.0,0.0,0.0,0.0,0.0,0.0,0.0,1.0,0.0,0.0,0.0,1.0,0.0,0.0,1.0,0.0,844.11,0.4470588235294118,0.03765854399370837,0.008107160747464898,-0.02955138324624347,0.3,0.08,-0.21999999999999997,0.07590605683499108,0.07552812137464657,-0.0003779354603445084,0.05806736050006485,0.061164906345428594,0.0030975458453637444
852.46,21.99,1,3,2.0,thin,1.0,0.0,0.0,1.0,0.0,0.0,0.0,0.0,0.0,0.0,0.0,1.0,0.0,0.0,0.0,1.0,0.0,0.0,1.0,0.0,852.96,0.38823529411764707,0.04099220698665661,0.004642274972212855,-0.03634993201444375,0.10400000000000001,0.0,-0.10400000000000001,0.07140867042372236,0.07490346696944102,0.003494796545718659,0.057207895937116685,0.05884318592404626,0.0016352899869295778
862.15,22.99,1,3,2.0,thin,1.0,0.0,0.0,1.0,0.0,0.0,0.0,1.0,0.0,0.0,0.0,1.0,0.0,0.0,0.0,1.0,0.0,0.0,1.0,0.0,862.15,0.5294117647058824,0.018301625751134542,0.006830769750987756,-0.011470856000146787,0.008,0.06799999999999999,0.05999999999999999,0.06904845831758769,0.07653276324396803,0.007484304926380345,0.05857475324076143,0.056205286153229804,-0.002369467087531628
877.9,24.67,1,3,1.0,lift,1.0,1.0,0.0,0.0,0.0,0.0,0.0,1.0,0.0,0.0,0.0,1.0,0.0,0.0,0.0,0.0,0.0,0.0,1.0,0.0,877.9,0.5647058823529412,0.002859607397778492,0.003828264851788331,0.0009686574540098388,0.06399999999999999,0.04,-0.023999999999999987,0.07310969122205208,0.06265444553011076,-0.010455245691941312,0.059705412882673704,0.05537125359366437,-0.0043341592890093344
882.1,24.99,1,3,1.0,hold,1.0,0.0,0.0,0.0,0.0,0.0,0.0,0.0,0.0,0.0,0.0,1.0,0.0,0.0,0.0,0.0,0.0,1.0,0.0,0.0,882.1,0.4470588235294118,0.008997443338342872,0.007382720205233211,-0.0016147231331096606,0.1272727272727273,0.09090909090909091,-0.036363636363636376,0.06246724495922544,0.06636440482239032,0.003897159863164884,0.052456912773382276,0.056929665297198825,0.004472752523816549
889.27,25.83,1,3,1.0,lift,1.0,1.0,0.0,0.0,0.0,0.0,0.0,1.0,0.0,0.0,1.0,1.0,0.0,0.0,0.0,0.0,0.0,0.0,1.0,0.0,889.27,0.3764705882352941,0.014287545998473972,0.0035685187758833685,-0.010719027222590605,0.24400000000000005,0.044,-0.20000000000000007,0.05949662304056789,0.06732694923937128,0.007830326198803396,0.05092276736641484,0.057687774439321084,0.006765007072906247
896.77,26.67,1,3,1.0,lift,1.0,1.0,0.0,0.0,0.0,0.0,0.0,1.0,0.0,0.0,0.0,1.0,0.0,0.0,0.0,0.0,0.0,0.0,1.0,0.0,896.77,0.5058823529411764,0.002686839327541332,0.0026484758472094744,-3.836348033185765e-05,0.10800000000000001,0.124,0.015999999999999986,0.06612695293078545,0.06759023059832803,0.0014632776675425757,0.056622542855713554,0.053260952105762115,-0.003361590749951439
900.65,26.99,1,3,1.0,hold,1.0,0.0,0.0,0.0,0.0,0.0,0.0,0.0,0.0,0.0,0.0,1.0,0.0,0.0,0.0,0.0,0.0,1.0,0.0,0.0,900.65,0.3764705882352941,0.009055960498042772,0.013107675499343902,0.00405171500130113,0.28,0.128,-0.15200000000000002,0.06693963654054229,0.06905691483366608,0.0021172782931237893,0.0519360819262927,0.058177991906122675,0.006241909979829978
908.39,27.83,1,3,1.0,lift,1.0,1.0,0.0,0.0,0.0,0.0,0.0,1.0,0.0,0.0,1.0,1.0,0.0,0.0,0.0,1.0,0.0,0.0,1.0,0.0,908.39,0.4117647058823529,0.04605326623361831,0.009028845741715856,-0.03702442049190245,0.048,0.12000000000000002,0.07200000000000002,0.06739153528491942,0.070160543545902,0.0027690082609825722,0.05300687678493009,0.055977140652485824,0.0029702638675557363
917.7,28.83,1,3,1.0,lift,1.0,1.0,0.0,0.0,0.0,0.0,0.0,1.0,0.0,0.0,1.0,1.0,0.0,0.0,0.0,1.0,0.0,0.0,1.0,0.0,917.7,0.49411764705882355,0.043489567050454106,0.007236590227298801,-0.03625297682315531,0.24000000000000005,0.08,-0.16000000000000003,0.08279980649761026,0.07408042435652286,-0.008719382141087403,0.062230381348636093,0.05818181898949965,-0.004048562359136441
926.23,29.83,1,3,1.0,lift,1.0,1.0,0.0,0.0,0.0,0.0,0.0,1.0,0.0,0.0,1.0,1.0,0.0,0.0,0.0,0.0,1.0,0.0,1.0,0.0,926.02,0.43529411764705883,0.06915971750829841,0.005329176949373236,-0.06383054055892518,0.164,0.1,-0.064,0.06569195669156032,0.06496348314749514,-0.0007284735440651752,0.056002612717816536,0.054413738166255776,-0.0015888745515607594
933.67,30.67,1,3,1.0,lift,1.0,1.0,0.0,0.0,0.0,0.0,0.0,1.0,0.0,0.0,0.0,1.0,0.0,0.0,0.0,1.0,0.0,0.0,1.0,0.0,933.4,0.5411764705882353,0.0032249632965645077,0.002664673395089843,-0.0005602899014746647,0.10400000000000001,0.07999999999999999,-0.02400000000000002,0.06385491258037601,0.06011792173451892,-0.0037369908458570883,0.05700170751295042,0.048876311874445286,-0.008125395638505131
940.56,31.33,1,3,1.0,lift,1.0,1.0,0.0,0.0,0.0,0.0,0.0,0.0,0.0,0.0,0.0,1.0,0.0,0.0,0.0,1.0,0.0,0.0,1.0,0.0,940.4,0.5529411764705883,0.011133875550443827,0.002754327427914231,-0.008379548122529596,0.028000000000000004,0.13199999999999998,0.10399999999999998,0.06484890000301449,0.060819909035578344,-0.004028990967436148,0.05622133424310381,0.0527886449017095,-0.0034326893413943113
943.87,31.67,1,3,1.0,release,1.0,1.0,0.0,0.0,0.0,0.0,0.0,1.0,0.0,0.0,0.0,1.0,0.0,0.0,0.0,1.0,0.0,0.0,1.0,0.0,943.65,0.38823529411764707,0.004608140053013069,0.0022475638712664827,-0.002360576181746586,0.16399999999999998,0.1,-0.06399999999999997,0.05821579640837238,0.06424367842695639,0.006027882018584008,0.04913463299646829,0.0551590836277133,0.006024450631245015
953.66,32.5,1,3,1.0,fade,1.0,1.0,0.0,0.0,0.0,0.0,0.0,0.0,0.0,0.0,0.0,1.0,0.0,0.0,0.0,1.0,0.0,0.0,0.0,0.0,953.66,0.5647058823529412,0.003077446120881554,0.002893000273314953,-0.0001844458475666012,0.008,0.0,-0.008,0.08497769205592072,0.06752961707311789,-0.017448074982802833,0.060076252778659134,0.05877750705844788,-0.0012987457202112557
1037.04,42.91,1,3,1.0,stretch,0.0,0.0,1.0,1.0,1.0,0.0,0.0,1.0,0.0,0.0,0.0,1.0,0.0,0.0,0.0,1.0,0.0,0.0,1.0,0.0,1036.56,0.5411764705882353,0.03791062975014719,0.00967657325033384,-0.02823405649981335,0.08,0.164,0.084,0.0731315456403116,0.06387591479530096,-0.009255630845010646,0.055591482101212085,0.05469173271682306,-0.0008997493843890259
1116.46,52.0,1,3,1.0,release,0.0,0.0,1.0,1.0,0.0,0.0,0.0,1.0,1.0,1.0,0.0,1.0,0.0,0.0,0.0,0.0,1.0,0.0,0.0,0.0,1115.84,0.6235294117647059,0.08439924999627044,0.023848641500245737,-0.0605506084960247,0.08,0.12399999999999997,0.04399999999999997,0.07928746311810757,0.06702636441526504,-0.012261098702842532,0.06767957025014606,0.05826030206574327,-0.009419268184402793
1121.64,52.5,1,3,1.0,place,0.0,0.0,1.0,1.0,0.0,0.0,0.0,0.0,0.0,1.0,1.0,1.0,0.0,0.0,0.0,1.0,0.0,0.0,1.0,0.0,1121.25,0.5647058823529412,0.04711326648382225,0.012417184748869494,-0.034696081734952755,0.14400000000000002,0.12400000000000003,-0.01999999999999999,0.06652781522083229,0.06342067947691962,-0.0031071357439126646,0.06007598025881402,0.053251290741941584,-0.006824689516872436
1131.96,53.5,1,3,1.0,place,0.0,0.0,1.0,1.0,0.0,0.0,0.0,0.0,0.0,1.0,1.0,1.0,0.0,0.0,0.0,1.0,0.0,0.0,1.0,0.0,1131.46,0.4235294117647059,0.03906696424904925,0.009377892255068562,-0.029689071993980687,0.20800000000000002,0.068,-0.14,0.06970196348649839,0.07220945173231635,0.0025074882458179654,0.06028588496185332,0.06344223476184022,0.003156349799986899
1137.36,54.0,1,3,0.0,place,0.0,0.0,1.0,0.0,0.0,0.0,0.0,1.0,0.0,1.0,1.0,1.0,1.0,0.0,0.0,1.0,0.0,0.0,1.0,0.0,1136.96,0.5882352941176471,0.023597834497698915,0.009403934506160993,-0.014193899991537922,0.18,0.024,-0.156,0.06815335663017322,0.06347516521962139,-0.004678191410551827,0.05969380792443244,0.055898166172056674,-0.0037956417523757682
1148.28,54.83,1,3,1.0,release,0.0,0.0,1.0,1.0,1.0,1.0,0.0,1.0,0.0,0.0,1.0,1.0,1.0,1.0,0.0,0.0,0.0,0.0,0.0,0.0,1148.28,0.5294117647058824,0.009450867500997231,0.007711477998244431,-0.0017393895027528004,0.088,0.0,-0.088,0.06848942538544892,0.07178327834233755,0.0032938529568886377,0.05676372488989338,0.056400011942482994,-0.0003637129474103884
1152.88,55.0,1,3,1.0,end,1.0,0.0,0.0,0.0,0.0,0.0,0.0,0.0,0.0,0.0,0.0,0.0,0.0,0.0,0.0,0.0,0.0,0.0,0.0,1.0,1152.88,0.5411764705882353,0.007159005757441486,0.004399413926294571,-0.002759591831146915,0.0,0.0,0.0,0.06802819148159026,0.06181187439626196,-0.006216317085328299,0.05779136746443344,0.05369985008092765,-0.0040915173835057925
1175.52,1.67,1,4,1.0,trade,0.0,0.0,1.0,1.0,0.0,1.0,0.0,1.0,0.0,0.0,0.0,1.0,0.0,0.0,0.0,0.0,1.0,0.0,1.0,0.0,1175.25,0.5058823529411764,0.03873517050024823,0.008334829256274521,-0.03040034124397371,0.068,0.044,-0.024000000000000007,0.11880170364130686,0.12853905370045363,0.009737350059146763,0.08007359682304417,0.07440982883041178,-0.005663767992632393
1188.5,3.67,1,4,1.0,trade,0.0,0.0,1.0,1.0,0.0,1.0,0.0,1.0,0.0,0.0,1.0,1.0,0.0,0.0,0.0,0.0,1.0,0.0,1.0,0.0,1188.21,0.5176470588235295,0.024172233867953443,0.004456778248754185,-0.019715455619199258,0.13454545454545455,0.014545454545454545,-0.12000000000000001,0.09513127125722108,0.09938234577834205,0.004251074521120973,0.06799714469120541,0.059681040661022866,-0.008316104030182542
1198.53,5.33,1,4,1.0,halt,1.0,1.0,0.0,0.0,0.0,0.0,0.0,0.0,0.0,0.0,0.0,0.0,0.0,0.0,0.0,0.0,1.0,1.0,1.0,0.0,1198.53,0.5411764705882353,0.2058739475206454,0.005294333902994025,-0.20057961361765136,0.2960000000000001,0.0,-0.2960000000000001,0.07115584877179118,0.06914006608460911,-0.002015782687182069,0.0604883835816151,0.06205020702320653,0.001561823441591427
1204.58,6.33,1,4,1.0,stop,1.0,1.0,0.0,0.0,0.0,0.0,0.0,0.0,0.0,0.0,0.0,0.0,0.0,0.0,0.0,0.0,1.0,0.0,1.0,0.0,1204.58,0.47058823529411764,0.0618592436579908,0.0037499415513082743,-0.058109302106682525,0.388,0.0,-0.388,0.06988787454021116,0.07284860189646226,0.0029607273562511083,0.05547223461488822,0.055535034159609864,6.279954472164506e-05
1215.77,7.67,1,4,1.0,hold,0.0,0.0,1.0,1.0,0.0,1.0,0.0,0.0,0.0,0.0,1.0,0.0,0.0,0.0,0.0,0.0,1.0,1.0,1.0,0.0,1215.77,0.4470588235294118,0.08000810247963766,0.043478731270326545,-0.036529371209311115,0.12000000000000002,0.11599999999999999,-0.004000000000000031,0.08164843057137189,0.07781276254397444,-0.003835668027397446,0.059583629657379046,0.06490550801880288,0.0053218783614238305
1220.09,8.67,1,4,1.0,hold,0.0,0.0,1.0,1.0,0.0,1.0,0.0,0.0,0.0,0.0,1.0,0.0,0.0,0.0,0.0,0.0,1.0,1.0,1.0,0.0,1220.08,0.6,0.10425971494436767,0.1542635400283915,0.05000382508402382,0.27599999999999997,0.0,-0.27599999999999997,0.07976151857458537,0.07042931774283388,-0.009332200831751486,0.06866938850213992,0.05976790322718613,-0.008901485274953796
1226.62,9.67,1,4,1.0,hold,0.0,0.0,1.0,1.0,0.0,1.0,0.0,0.0,0.0,0.0,1.0,0.0,0.0,0.0,0.0,0.0,1.0,1.0,1.0,0.0,1226.61,0.3764705882352941,0.20829241747453944,0.056979818799892355,-0.15131259867464708,0.24,0.032,-0.208,0.06824108760320921,0.07995864030365298,0.011717552700443765,0.059020787679208285,0.06842474029915055,0.009403952619942264
1233.74,10.67,1,4,1.0,pause,1.0,1.0,0.0,0.0,0.0,0.0,0.0,1.0,0.0,0.0,0.0,1.0,0.0,0.0,0.0,1.0,0.0,0.0,1.0,0.0,1233.74,0.5529411764705883,0.05249457100183763,0.0026055862790099692,-0.04988898472282766,0.4,0.0,-0.4,0.0900765689846515,0.06866263694606993,-0.021413932038581565,0.06520297964990496,0.05980950531848064,-0.005393474331424321
1240.7,11.67,1,4,1.0,pause,1.0,1.0,0.0,0.0,0.0,0.0,0.0,0.0,0.0,0.0,1.0,1.0,0.0,0.0,0.0,1.0,0.0,0.0,1.0,0.0,1240.7,0.5176470588235295,0.013712726816368604,0.0033857646834189454,-0.010326962132949659,0.28363636363636363,0.0,-0.28363636363636363,0.07779177138553274,0.06926187318486018,-0.008529898200672556,0.06147262352892072,0.05745164634907201,-0.004020977179848707
1247.26,12.32,1,4,1.0,pause,1.0,1.0,0.0,0.0,0.0,0.0,0.0,0.0,0.0,0.0,1.0,1.0,0.0,0.0,0.0,1.0,0.0,0.0,1.0,0.0,1247.25,0.49411764705882355,0.014694839751509647,0.004508051455779686,-0.010186788295729962,0.076,0.0,-0.076,0.07596121445933347,0.0667282102064041,-0.009233004252929375,0.06167254418487241,0.05641153302253308,-0.005261011162339332
1253.93,12.66,1,4,1.0,pause,1.0,1.0,0.0,0.0,0.0,0.0,0.0,1.0,0.0,0.0,1.0,1.0,0.0,0.0,0.0,1.0,0.0,0.0,1.0,0.0,1253.93,0.4235294117647059,0.00287298324891434,0.0026003073740882596,-0.0002726758748260805,0.0,0.0,0.0,0.06796920625041636,0.06544768839959744,-0.0025215178508189162,0.055040945082490654,0.05672050337676317,0.0016795582942725137
1259.78,17.0,1,4,0.0,drop,0.0,0.0,1.0,1.0,0.0,0.0,0.0,1.0,1.0,1.0,0.0,0.0,0.0,0.0,0.0,0.0,1.0,0.0,1.0,0.0,1259.78,0.2823529411764706,0.08275806505101788,0.03517448600048208,-0.0475835790505358,0.6399999999999999,0.23200000000000004,-0.40799999999999986,0.07944185680679401,0.10352265003855765,0.02408079323176364,0.061440217398618345,0.07627300070666083,0.01483278330804249
1281.14,44.0,1,4,2.0,pause,1.0,1.0,0.0,1.0,0.0,0.0,0.0,1.0,0.0,0.0,0.0,1.0,0.0,0.0,0.0,0.0,0.0,0.0,1.0,0.0,1281.14,0.5764705882352941,0.11453109492440408,0.004911890647351173,-0.1096192042770529,0.26800000000000007,0.08,-0.18800000000000006,0.08977256028887619,0.07057199964369383,-0.019200560645182357,0.07018292143212053,0.06017914508016643,-0.010003776351954097
1288.66,53.0,1,4,1.0,trade,0.0,0.0,1.0,1.0,0.0,0.0,0.0,0.0,1.0,0.0,0.0,0.0,0.0,0.0,0.0,0.0,0.0,0.0,1.0,0.0,1288.65,0.4470588235294118,0.04969225879574127,0.06527400173698747,0.015581742941246202,0.508,0.22800000000000004,-0.27999999999999997,0.0886613438975354,0.08849035842254817,-0.0001709854749872286,0.07024280956549159,0.07005352321626132,-0.00018928634923026655
1310.4,80.5,1,4,1.0,close,1.0,1.0,0.0,0.0,0.0,0.0,0.0,1.0,0.0,0.0,0.0,1.0,0.0,0.0,0.0,0.0,1.0,0.0,1.0,0.0,1310.8,0.5294117647058824,0.10786911366442849,0.054060200930570915,-0.05380891273385757,0.6509090909090909,0.11272727272727275,-0.5381818181818181,0.1016137801644721,0.08093799278978284,-0.020675787374689267,0.07036605573950022,0.07033992562176103,-2.6130117739192604e-05
1312.13,82.0,1,4,1.0,pause,1.0,1.0,0.0,0.0,0.0,0.0,0.0,0.0,0.0,0.0,0.0,1.0,0.0,0.0,0.0,1.0,0.0,0.0,1.0,0.0,1312.13,0.6470588235294118,0.18338768997770233,0.043404303163370836,-0.13998338681433148,0.392,0.5959999999999999,0.20399999999999985,0.09868692577215125,0.07134649162936145,-0.027340434142789805,0.07255252570021221,0.0630248736792124,-0.00952765202099981
1316.21,17.0,1,4,0.0,drop,0.0,0.0,1.0,1.0,0.0,0.0,0.0,1.0,1.0,1.0,0.0,0.0,0.0,0.0,0.0,0.0,1.0,0.0,1.0,0.0,1316.2,0.49411764705882355,0.11061460004082287,0.03814102724864428,-0.07247357279217859,0.5119999999999999,0.06000000000000001,-0.4519999999999999,0.07779944430878287,0.07734976950588045,-0.00044967480290242223,0.06556589169199087,0.06667742294503187,0.0011115312530410038
1338.37,44.0,1,4,2.0,pause,1.0,1.0,0.0,1.0,0.0,0.0,0.0,1.0,0.0,0.0,0.0,1.0,0.0,0.0,0.0,0.0,0.0,0.0,1.0,0.0,1338.37,0.6235294117647059,0.13507872487268235,0.007695507629111283,-0.12738321724357107,0.24000000000000005,0.136,-0.10400000000000004,0.08685011002144757,0.06933127314161545,-0.01751883687983212,0.06740647875402005,0.060330567143610424,-0.007075911610409623
1345.7,53.0,1,4,1.0,trade,0.0,0.0,1.0,1.0,0.0,0.0,0.0,0.0,1.0,0.0,0.0,0.0,0.0,0.0,0.0,0.0,0.0,0.0,1.0,0.0,1345.7,0.4235294117647059,0.0328275409373942,0.052483509027393495,0.019655968089999296,0.4981818181818182,0.2763636363636364,-0.2218181818181818,0.08883265884771215,0.08614539487136107,-0.0026872639763510786,0.06796856467729055,0.06520249757687073,-0.0027660671004198223
1367.98,80.5,1,4,1.0,close,1.0,1.0,0.0,0.0,0.0,0.0,0.0,1.0,0.0,0.0,0.0,1.0,0.0,0.0,0.0,0.0,1.0,0.0,1.0,0.0,1367.97,0.5411764705882353,0.15362306499995687,0.02952185700471015,-0.12410120799524672,0.392,0.11200000000000002,-0.28,0.09131156814335302,0.07779897657158365,-0.013512591571769372,0.06830873326113948,0.06099546363643314,-0.0073132696247063395
1369.61,82.0,1,4,1.0,aside,0.0,0.0,1.0,1.0,0.0,0.0,0.0,0.0,0.0,0.0,1.0,1.0,0.0,0.0,0.0,1.0,0.0,0.0,0.0,0.0,1369.6,0.5764705882352941,0.15071800506388888,0.0340325830040303,-0.11668542205985857,0.332,0.38,0.04799999999999999,0.08612336279308522,0.0711101850040315,-0.015013177789053714,0.06750959714973466,0.05679178591004502,-0.010717811239689637
1373.34,86.0,1,4,1.0,pause,1.0,1.0,0.0,0.0,0.0,0.0,0.0,1.0,0.0,0.0,0.0,1.0,0.0,0.0,0.0,0.0,1.0,0.0,0.0,0.0,1373.34,0.5058823529411764,0.0972928264083732,0.06641850608358287,-0.03087432032479033,0.43200000000000005,0.40800000000000003,-0.02400000000000002,0.0791921923493401,0.07660182086170528,-0.0025903714876348155,0.0607192267532715,0.0628407379203443,0.0021215111670727926
1375.36,88.0,1,4,1.0,hold,1.0,1.0,0.0,0.0,0.0,0.0,0.0,0.0,0.0,0.0,1.0,1.0,0.0,0.0,0.0,0.0,1.0,1.0,0.0,0.0,1375.36,0.5294117647058824,0.16709457749077455,0.025656827999614655,-0.1414377494911599,0.312,0.068,-0.244,0.0857928170284539,0.0769653317096879,-0.008827485318765996,0.0652096197448672,0.06393828418383954,-0.0012713355610276672
1461.5,165.67,1,4,0.0,duck,0.0,1.0,1.0,1.0,0.0,1.0,0.0,1.0,0.0,0.0,0.0,0.0,0.0,0.0,0.0,1.0,0.0,0.0,0.0,0.0,1461.5,0.4470588235294118,0.12634181143974624,0.042974556375044534,-0.0833672550647017,0.44000000000000006,0.2218181818181818,-0.21818181818181825,0.08149278520786332,0.07834692817017395,-0.0031458570376893674,0.06820807373910412,0.06388813490362634,-0.00431993883547778
1467.31,166.83,1,4,1.0,pause,1.0,1.0,0.0,0.0,0.0,0.0,0.0,1.0,0.0,0.0,0.0,0.0,0.0,0.0,0.0,0.0,1.0,0.0,1.0,0.0,1467.31,0.43529411764705883,0.15041151506417536,0.03959043898182395,-0.11082107608235141,0.43600000000000005,0.45199999999999996,0.015999999999999903,0.08604195518055167,0.0819511588286829,-0.004090796351868778,0.06284768823325446,0.06812575687501522,0.005278068641760766
1472.09,167.83,1,4,1.0,pause,1.0,1.0,0.0,0.0,0.0,0.0,0.0,0.0,0.0,0.0,1.0,0.0,0.0,0.0,0.0,0.0,0.0,0.0,1.0,0.0,1472.09,0.5058823529411764,0.14496417490574215,0.02811925669993225,-0.1168449182058099,0.4720000000000001,0.248,-0.2240000000000001,0.08111401463769599,0.07984416595359363,-0.001269848684102362,0.06552346238089214,0.06907303749526586,0.003549575114373718
1477.09,168.83,1,4,1.0,pause,1.0,1.0,0.0,0.0,0.0,0.0,0.0,0.0,0.0,0.0,1.0,0.0,0.0,0.0,0.0,1.0,0.0,0.0,1.0,0.0,1477.09,0.4823529411764706,0.12635788257815672,0.004317906753876688,-0.12203997582428003,0.42400000000000004,0.17200000000000001,-0.252,0.07507935907719383,0.07752198074950098,0.0024426216723071464,0.06486354102354953,0.06314112904243246,-0.0017224119811170696
1482.43,169.82,1,4,2.0,hold,1.0,0.0,0.0,1.0,0.0,0.0,0.0,1.0,0.0,0.0,1.0,1.0,0.0,0.0,0.0,1.0,0.0,0.0,1.0,0.0,1482.43,0.49411764705882355,0.056870547709223694,0.02766556100585179,-0.029204986703371905,0.4880000000000001,0.13599999999999998,-0.3520000000000001,0.07464921861403602,0.0800034341845953,0.005354215570559276,0.0647434348639089,0.06479447929968271,5.104443577380602e-05
1524.61,199.0,1,4,1.0,pause,1.0,1.0,0.0,0.0,0.0,0.0,0.0,1.0,0.0,0.0,0.0,1.0,0.0,0.0,0.0,0.0,1.0,0.0,1.0,0.0,1524.61,0.6235294117647059,0.0885546972556681,0.00414201012733355,-0.08441268712833455,0.17600000000000002,0.148,-0.028000000000000025,0.09923754437636002,0.08430488039543728,-0.014932663980922745,0.08106380024769248,0.06630428291452375,-0.014759517333168728
1539.47,216.0,1,4,1.0,thin,0.0,0.0,1.0,1.0,0.0,0.0,0.0,1.0,1.0,1.0,0.0,0.0,0.0,0.0,0.0,1.0,1.0,0.0,1.0,0.0,1539.47,0.5411764705882353,0.049345426724659566,0.022956649735724543,-0.026388776988935023,0.27999999999999997,0.22400000000000003,-0.05599999999999994,0.10297833474933804,0.0903913685806182,-0.012586966168719835,0.07962626588615596,0.07118560898680079,-0.008440656899355164
1561.95,243.5,1,4,1.0,close,1.0,1.0,0.0,0.0,0.0,0.0,0.0,1.0,0.0,0.0,0.0,1.0,0.0,0.0,0.0,0.0,0.0,1.0,1.0,0.0,1561.95,0.5058823529411764,0.10648440494736977,0.019904993002960746,-0.08657941194440902,0.4959999999999999,0.128,-0.3679999999999999,0.08614167689643094,0.08502000080594499,-0.001121676090485954,0.06844259620560962,0.06698747546421714,-0.0014551207413924794
1565.31,245.74,1,4,1.0,retract,1.0,0.0,0.0,0.0,0.0,0.0,0.0,1.0,0.0,0.0,0.0,1.0,0.0,0.0,0.0,1.0,0.0,0.0,0.0,0.0,1565.31,0.4823529411764706,0.029660364995750366,0.007820286526000562,-0.021840078469749804,0.13200000000000003,0.0,-0.13200000000000003,0.08595081596730891,0.080688777611431,-0.005262038355877907,0.06978557612604024,0.06716546409174087,-0.002620112034299363
1572.11,247.74,1,4,1.0,retract,1.0,0.0,0.0,0.0,0.0,0.0,0.0,1.0,0.0,0.0,1.0,1.0,0.0,0.0,0.0,1.0,0.0,0.0,0.0,0.0,1572.11,0.47058823529411764,0.074445145057352,0.008064722624496416,-0.06638042243285558,0.17600000000000002,0.0,-0.17600000000000002,0.07164881585040593,0.08179773373923445,0.010148917888828518,0.05974853596000399,0.05990444843103969,0.00015591247103569766
1583.58,249.75,1,4,1.0,fade,1.0,1.0,0.0,0.0,0.0,0.0,0.0,1.0,0.0,0.0,1.0,1.0,1.0,0.0,0.0,1.0,0.0,0.0,1.0,0.0,1583.58,0.5411764705882353,0.009061024001406067,0.0026764836715023376,-0.0063845403299037295,0.13599999999999998,0.0,-0.13599999999999998,0.06902535930455393,0.07456355316357226,0.0055381938590183255,0.05819253767632304,0.054604688766570444,-0.0035878489097525973
1589.67,253.5,1,4,1.0,dip,1.0,1.0,0.0,0.0,0.0,0.0,0.0,1.0,0.0,0.0,0.0,0.0,0.0,0.0,0.0,0.0,0.0,0.0,1.0,0.0,1589.67,0.29411764705882354,0.01074298513716734,0.015583143944624964,0.004840158807457624,0.33599999999999997,0.42800000000000005,0.09200000000000008,0.0735743374010743,0.10887624812723304,0.035301910726158736,0.05530133756283515,0.07449523188142348,0.019193894318588332
1592.6,257.5,1,4,1.0,dip,1.0,1.0,0.0,0.0,0.0,0.0,0.0,1.0,0.0,0.0,0.0,0.0,0.0,0.0,0.0,0.0,0.0,0.0,1.0,0.0,1592.6,0.5176470588235295,0.015046441446247182,0.016112209961487062,0.0010657685152398802,0.404,0.384,-0.020000000000000018,0.10814058982319526,0.1011635749565706,-0.006977014866624651,0.0746351707225407,0.0758875449528515,0.0012523742303107988
1608.51,277.5,1,4,2.0,end,1.0,1.0,0.0,1.0,0.0,0.0,0.0,1.0,0.0,0.0,0.0,1.0,0.0,0.0,0.0,0.0,0.0,1.0,1.0,1.0,1608.51,0.36470588235294116,0.1288234148653063,0.0065342675967180516,-0.12228914726858825,0.6639999999999999,0.0,-0.6639999999999999,0.10989040189851103,0.12823008716615264,0.01833968526764161,0.07669372378002404,0.08037211113672296,0.0036783873566989256
2061.36,3.0,2,1,1.0,pause,1.0,1.0,0.0,0.0,0.0,0.0,0.0,0.0,0.0,0.0,0.0,0.0,0.0,0.0,0.0,1.0,0.0,0.0,1.0,0.0,2061.36,0.4588235294117647,0.027854245251183414,0.009345583754589572,-0.01850866149659384,0.096,0.0,-0.096,0.1818039564279536,0.14099071448956052,-0.040813241938393086,0.08146058705489276,0.07712206459128289,-0.00433852246360987
2069.71,4.6,2,1,1.0,pause,1.0,1.0,0.0,0.0,0.0,0.0,0.0,1.0,0.0,0.0,0.0,1.0,0.0,0.0,0.0,1.0,0.0,0.0,1.0,0.0,2069.71,0.4,0.036322130255186054,0.0049037041979826754,-0.03141842605720338,0.16,0.0,-0.16,0.10107780894955982,0.09639570101665704,-0.004682107932902788,0.06948964187384013,0.06475673607070433,-0.0047329058031358034
2086.1,8.75,2,1,0.0,break,1.0,1.0,0.0,0.0,0.0,0.0,0.0,0.0,0.0,0.0,0.0,0.0,0.0,0.0,0.0,0.0,0.0,1.0,1.0,0.0,2086.1,0.5294117647058824,0.04312948635660621,0.007233094207323135,-0.03589639214928308,0.29818181818181816,0.0,-0.29818181818181816,0.10784722393007272,0.10278180361367285,-0.005065420316399866,0.06796145914378077,0.06691976451643225,-0.0010416946273485161
2091.04,10.5,2,1,0.0,lift,0.0,1.0,1.0,0.0,0.0,0.0,0.0,1.0,0.0,0.0,0.0,0.0,0.0,0.0,0.0,1.0,0.0,0.0,1.0,0.0,2091.04,0.3764705882352941,0.022515722178699533,0.0112803092485738,-0.011235412930125734,0.256,0.15999999999999998,-0.09600000000000003,0.08374435923140797,0.0930237326337382,0.009279373402330232,0.06305030962765451,0.06902855144137944,0.00597824181372493
2109.89,14.99,2,1,1.0,breath,1.0,0.0,0.0,0.0,0.0,0.0,0.0,1.0,0.0,0.0,0.0,1.0,0.0,0.0,0.0,0.0,1.0,1.0,1.0,0.0,2109.68,0.3764705882352941,0.05311783252876477,0.10806848549239959,0.05495065296363481,0.188,0.044,-0.14400000000000002,0.08715264296485367,0.08680039271631965,-0.0003522502485340251,0.06268709562487318,0.06678603928020851,0.004098943655335335
2116.85,16.99,2,1,0.0,breath,0.0,0.0,0.0,0.0,0.0,0.0,0.0,0.0,0.0,0.0,0.0,1.0,0.0,0.0,0.0,0.0,1.0,1.0,1.0,0.0,2116.85,0.49411764705882355,0.06519348504421066,0.13722965994586173,0.07203617490165107,0.2760000000000001,0.45200000000000007,0.176,0.12059197006938253,0.08339602971862368,-0.03719594035075885,0.06545183600325252,0.06934995598883224,0.0038981199855797205
2140.8,23.0,2,1,1.0,thin,0.0,0.0,1.0,1.0,0.0,1.0,0.0,1.0,1.0,1.0,0.0,0.0,0.0,0.0,0.0,1.0,0.0,0.0,0.0,0.0,2140.8,0.5176470588235295,0.011033014544386197,0.010161478179647904,-0.0008715363647382925,0.03636363636363637,0.04363636363636364,0.007272727272727271,0.07456771917791187,0.07003168444261296,-0.004536034735298913,0.05831862319275929,0.05771339822355526,-0.000605224969204031
2153.63,26.0,2,1,1.0,gather,0.0,0.0,1.0,1.0,0.0,1.0,0.0,1.0,0.0,0.0,0.0,1.0,0.0,0.0,0.0,1.0,0.0,0.0,1.0,0.0,2153.63,0.5882352941176471,0.06439180255852557,0.010072331250180717,-0.05431947130834486,0.23200000000000004,0.012,-0.22000000000000003,0.09496254271529525,0.06954727128459007,-0.025415271430705183,0.06597797191938345,0.05354836932089426,-0.012429602598489194
2251.09,47.99,2,1,2.0,breath,1.0,0.0,0.0,1.0,0.0,0.0,0.0,1.0,0.0,0.0,0.0,0.0,0.0,0.0,0.0,0.0,1.0,0.0,1.0,0.0,2250.96,0.5058823529411764,0.02144843025513666,0.007323160198758153,-0.014125270056378507,0.22800000000000004,0.0,-0.22800000000000004,0.07477341070138509,0.06896461090324572,-0.0058087997981393635,0.05998795922773418,0.05479341684292673,-0.005194542384807446
2290.35,58.0,2,1,1.0,Halt,0.0,1.0,0.0,1.0,1.0,0.0,0.0,1.0,1.0,0.0,0.0,0.0,0.0,0.0,0.0,1.0,0.0,0.0,0.0,0.0,2290.35,0.49411764705882355,0.1313677124922471,0.0138235732466222,-0.1175441392456249,0.152,0.036,-0.11599999999999999,0.09191781675709472,0.07893805806587248,-0.01297975869122224,0.06795638946422315,0.06360849809233506,-0.004347891371888096
2323.04,64.67,2,1,1.0,Halt,1.0,1.0,0.0,0.0,0.0,0.0,0.0,0.0,0.0,0.0,0.0,1.0,0.0,0.0,0.0,0.0,0.0,1.0,1.0,0.0,2323.04,0.47058823529411764,0.08229382997652937,0.0028999098244538875,-0.07939392015207548,0.288,0.0,-0.288,0.06899499974367036,0.07106829020439372,0.0020732904607233538,0.05921858261983052,0.05616864399176515,-0.0030499386280653656
2337.41,67.5,2,1,1.0,hold,0.0,0.0,1.0,1.0,0.0,1.0,0.0,1.0,0.0,0.0,0.0,1.0,0.0,0.0,0.0,0.0,0.0,1.0,1.0,0.0,2337.41,0.4588235294117647,0.059561257481925256,0.019062277251686917,-0.04049898023023834,0.36000000000000004,0.12000000000000002,-0.24000000000000002,0.07512286885751161,0.07708884263354605,0.001965973776034441,0.06115284655006316,0.06299541698682773,0.0018425704367645707
2355.91,72.0,2,1,1.0,breath,1.0,0.0,0.0,0.0,1.0,0.0,0.0,1.0,0.0,0.0,0.0,1.0,1.0,0.0,0.0,1.0,0.0,0.0,1.0,0.0,2355.68,0.5176470588235295,0.09810371499739642,0.004977703674137329,-0.0931260113232591,0.088,0.028000000000000004,-0.05999999999999999,0.07683924824509755,0.07002905380274056,-0.00681019444235699,0.0585375605745598,0.05671686471401881,-0.0018206958605409898
2363.23,73.0,2,1,1.0,pause,1.0,0.0,0.0,0.0,0.0,0.0,0.0,0.0,0.0,0.0,0.0,0.0,1.0,0.0,0.0,1.0,0.0,0.0,1.0,0.0,2363.23,0.5411764705882353,0.044386303493643496,0.0046008090270020785,-0.03978549446664142,0.21200000000000002,0.124,-0.08800000000000002,0.07830637081790762,0.0843259768461726,0.006019606028264984,0.06322297631187465,0.06350164849051756,0.0002786721786429136
2407.35,83.0,2,1,2.0,end,1.0,0.0,0.0,1.0,1.0,0.0,0.0,1.0,0.0,0.0,0.0,0.0,1.0,1.0,0.0,1.0,0.0,0.0,0.0,1.0,2408.91,0.47058823529411764,0.02354105100846284,0.0035623803458202366,-0.0199786706626426,0.06000000000000001,0.0,-0.06000000000000001,0.07092348378511207,0.06553047170930024,-0.005393012075811832,0.060481574411406336,0.05338033923121823,-0.007101235180188105
2425.97,8.5,2,2,1.0,lift,1.0,0.0,0.0,0.0,0.0,0.0,0.0,1.0,0.0,0.0,0.0,1.0,0.0,0.0,0.0,0.0,1.0,1.0,1.0,0.0,2426.29,0.6235294117647059,0.08569501496358023,0.018128458739536682,-0.06756655622404355,0.42800000000000005,0.11200000000000002,-0.31600000000000006,0.11099354562764903,0.12467012245570044,0.013676576828051415,0.0842984223852454,0.07597679175696294,-0.008321630628282464
2433.2,16.0,2,2,1.0,Halt,1.0,1.0,0.0,0.0,1.0,0.0,0.0,1.0,0.0,0.0,0.0,1.0,0.0,0.0,0.0,0.0,1.0,0.0,1.0,0.0,2433.55,0.5882352941176471,0.04849474522680467,0.018634310251384883,-0.02986043497541979,0.592,0.10800000000000001,-0.484,0.10320732334498293,0.08688931870133008,-0.01631800464365285,0.07270093640437507,0.06222516980575296,-0.010475766598622108
2435.45,18.0,2,2,1.0,duck,0.0,0.0,1.0,1.0,1.0,1.0,0.0,1.0,0.0,0.0,0.0,1.0,0.0,0.0,1.0,1.0,0.0,0.0,0.0,0.0,2435.81,0.611764705882353,0.11457301449234895,0.013680298997765444,-0.10089271549458351,0.06400000000000002,0.05600000000000001,-0.008000000000000007,0.09354897772511891,0.0744316353715341,-0.01911734235358481,0.06918937857528643,0.061565997756100624,-0.007623380819185802
2461.47,45.0,2,2,1.0,drop,0.0,0.0,1.0,1.0,0.0,0.0,0.0,1.0,1.0,0.0,0.0,0.0,1.0,0.0,1.0,0.0,0.0,1.0,1.0,0.0,2461.47,0.5176470588235295,0.174800089992064,0.08255937415491262,-0.09224071583715139,0.5599999999999999,0.44399999999999995,-0.11599999999999999,0.08747309059513445,0.07561793271500729,-0.011855157880127157,0.0630279391602014,0.060116162325077396,-0.0029117768351240025
2474.79,59.0,2,2,2.0,Halt,1.0,1.0,0.0,1.0,0.0,0.0,0.0,1.0,0.0,0.0,0.0,0.0,0.0,0.0,0.0,0.0,1.0,1.0,1.0,0.0,2475.17,0.5647058823529412,0.124648859926215,0.0050698063239859245,-0.11957905360222906,0.4,0.0,-0.4,0.08373369669934927,0.0782998568655693,-0.0054338398337799715,0.06804135163508349,0.058994008498108694,-0.009047343136974792
2490.59,73.99,2,2,2.0,Breath,1.0,0.0,0.0,1.0,0.0,0.0,0.0,1.0,0.0,0.0,0.0,1.0,0.0,0.0,0.0,0.0,0.0,1.0,1.0,0.0,2490.59,0.6235294117647059,0.08262660946041066,0.009033369348755722,-0.07359324011165494,0.18,0.08,-0.09999999999999999,0.09969769015598395,0.07011999833241742,-0.029577691823566538,0.06741409146397595,0.055808152414678666,-0.011605939049297284
2501.43,83.99,2,2,2.0,Breath,1.0,0.0,0.0,1.0,0.0,0.0,0.0,1.0,0.0,0.0,1.0,1.0,0.0,0.0,0.0,0.0,0.0,1.0,1.0,0.0,2501.2,0.5176470588235295,0.033374207989215546,0.008702844404502561,-0.024671363584712985,0.128,0.2,0.07200000000000001,0.07561588633765827,0.06829711991800565,-0.0073187664196526225,0.056477443996227304,0.05984415449506151,0.003366710498834205
2509.81,91.0,2,2,1.0,pause,0.0,1.0,1.0,1.0,0.0,1.0,0.0,1.0,0.0,0.0,0.0,0.0,0.0,0.0,0.0,1.0,0.0,0.0,0.0,0.0,2509.71,0.5294117647058824,0.15529062760059162,0.024301684006323987,-0.13098894359426763,0.26,0.044000000000000004,-0.216,0.08661522666753421,0.07902971469910494,-0.0075855119684292704,0.057386899068518946,0.06143679706255486,0.004049897994035913
2515.12,95.0,2,2,1.0,pause,0.0,1.0,1.0,1.0,0.0,1.0,0.0,1.0,0.0,0.0,1.0,0.0,0.0,0.0,0.0,1.0,0.0,0.0,0.0,0.0,2514.88,0.5529411764705883,0.04545197949809711,0.017627744255255026,-0.027824235242842082,0.152,0.24400000000000005,0.09200000000000005,0.08906536839715919,0.0758665599481571,-0.013198808449002092,0.06920456285685764,0.06217240398452291,-0.007032158872334729
2520.35,99.0,2,2,1.0,pause,0.0,1.0,1.0,1.0,0.0,1.0,0.0,1.0,0.0,0.0,1.0,1.0,0.0,0.0,0.0,1.0,0.0,0.0,0.0,0.0,2520.35,0.47058823529411764,0.08627101849817798,0.013090966502481996,-0.07318005199569598,0.128,0.152,0.023999999999999994,0.0802701941740144,0.07469805887245624,-0.005572135301558159,0.06505026047129028,0.059970612533230196,-0.005079647938060088
2528.27,106.5,2,2,0.0,rally,0.0,0.0,1.0,0.0,1.0,1.0,0.0,1.0,0.0,0.0,0.0,0.0,0.0,0.0,0.0,0.0,1.0,0.0,0.0,0.0,2528.27,0.5647058823529412,0.12593292252689547,0.05466891773824835,-0.07126400478864713,0.36,0.16399999999999998,-0.196,0.08761428675091956,0.07451660709681876,-0.013097679654100802,0.06910760942083076,0.06320817360266792,-0.005899435818162838
2545.43,124.33,2,2,1.0,drop,0.0,1.0,1.0,1.0,1.0,1.0,0.0,0.0,1.0,0.0,0.0,0.0,0.0,0.0,0.0,1.0,0.0,0.0,0.0,0.0,2545.28,0.43529411764705883,0.29465778004565957,0.053430577237031686,-0.2412272028086279,0.364,0.25600000000000006,-0.10799999999999993,0.0743052060406925,0.08130632341149414,0.0070011173708016405,0.06511471972027351,0.06246566888462831,-0.002649050835645199
2557.13,135.33,2,2,1.0,drop,0.0,1.0,1.0,1.0,0.0,1.0,0.0,1.0,0.0,0.0,0.0,0.0,0.0,0.0,0.0,1.0,0.0,0.0,0.0,0.0,2556.67,0.47058823529411764,0.1158511675414294,0.010317758246356555,-0.10553340929507285,0.196,0.0,-0.196,0.08738910232681107,0.08602294193587638,-0.0013661603909346925,0.05804209578384382,0.060803166408151935,0.0027610706243081165
2590.96,167.0,2,2,1.0,retreat,0.0,0.0,1.0,1.0,0.0,1.0,0.0,1.0,0.0,0.0,0.0,0.0,0.0,0.0,0.0,1.0,0.0,0.0,0.0,0.0,2590.96,0.4588235294117647,0.060134897519659836,0.02098540026580694,-0.039149497253852895,0.2,0.048,-0.15200000000000002,0.07805808025128128,0.07155795089148383,-0.006500129359797449,0.06586167609778773,0.06317454806318046,-0.0026871280346072723
2610.51,185.0,2,2,0.0,retreat,0.0,0.0,1.0,0.0,1.0,1.0,0.0,1.0,0.0,0.0,0.0,0.0,0.0,0.0,0.0,1.0,0.0,0.0,0.0,0.0,2611.33,0.5176470588235295,0.08989407512496257,0.01612183325249348,-0.07377224187246909,0.252,0.004,-0.248,0.07648072218756889,0.07681495083671247,0.0003342286491435781,0.06674525872672368,0.06393165222083566,-0.002813606505888022
2667.44,244.0,2,2,1.0,drop,0.0,0.0,1.0,1.0,0.0,0.0,0.0,1.0,1.0,0.0,0.0,0.0,0.0,0.0,0.0,0.0,0.0,0.0,1.0,0.0,2667.44,0.38823529411764707,0.21462965997791578,0.028720586303632112,-0.18590907367428366,0.348,0.092,-0.256,0.08445600388711935,0.0926712828524513,0.008215278965331946,0.06836110966460686,0.07398510873488524,0.005623999070278385
2677.1,252.49,2,2,0.0,breath,1.0,0.0,0.0,1.0,0.0,0.0,0.0,1.0,0.0,0.0,0.0,0.0,0.0,0.0,0.0,0.0,0.0,1.0,1.0,0.0,2677.1,0.4823529411764706,0.12323159996462481,0.0156985957606538,-0.10753300420397101,0.6639999999999999,0.08,-0.584,0.08931205436779285,0.09227880688281927,0.0029667525150264135,0.0748274326949015,0.06916327195670569,-0.0056641607381958115
2710.33,288.5,2,2,1.0,Halt,0.0,0.0,1.0,1.0,1.0,1.0,0.0,1.0,0.0,0.0,0.0,0.0,0.0,0.0,0.0,1.0,0.0,1.0,1.0,0.0,2710.16,0.5176470588235295,0.14501162747506355,0.06912579252731538,-0.07588583494774817,0.41600000000000004,0.188,-0.22800000000000004,0.1160461606313623,0.08502776508092107,-0.03101839555044124,0.08296161464169782,0.06938541356478817,-0.013576201076909655
2740.27,320.0,2,2,0.0,Duck,0.0,0.0,1.0,0.0,0.0,0.0,0.0,1.0,0.0,0.0,0.0,0.0,0.0,0.0,0.0,1.0,1.0,0.0,1.0,0.0,2740.27,0.5294117647058824,0.14769701269844412,0.043948974513945686,-0.10374803818449843,0.316,0.188,-0.128,0.08845256634567814,0.08848842023615637,3.585389047823517e-05,0.07216525837173622,0.07423327299720253,0.0020680146254663107
2747.13,326.99,2,2,1.0,end,1.0,1.0,0.0,0.0,0.0,0.0,0.0,1.0,0.0,0.0,0.0,0.0,0.0,0.0,0.0,0.0,1.0,1.0,1.0,1.0,2747.47,0.5294117647058824,0.15915711750574116,0.010493514000320487,-0.14866360350542068,0.548,0.0,-0.548,0.08808899102102752,0.07934357593984451,-0.008745415081183011,0.06924278229370852,0.06133517920486853,-0.00790760308883999
2764.69,2.74,2,3,2.0,Breath,1.0,0.0,0.0,1.0,0.0,0.0,0.0,1.0,0.0,0.0,0.0,1.0,0.0,0.0,0.0,0.0,0.0,0.0,1.0,0.0,2764.37,0.4588235294117647,0.12874816749292814,0.0797613974496914,-0.04898677004323673,0.192,0.376,0.184,0.08556538024429373,0.07862438603171487,-0.006940994212578863,0.06518568295969661,0.06332332762435414,-0.001862355335342472
2823.45,14.0,2,3,1.0,drop,0.0,0.0,1.0,1.0,1.0,1.0,0.0,1.0,0.0,0.0,0.0,0.0,0.0,0.0,0.0,1.0,0.0,0.0,1.0,0.0,2823.45,0.5647058823529412,0.02764605574630899,0.012540728501511259,-0.01510532724479773,0.23600000000000004,0.152,-0.08400000000000005,0.08408856037609701,0.0676149194636355,-0.016473640912461507,0.06264654462683879,0.054097898905245745,-0.008548645721593043
2834.4,16.0,2,3,1.0,pause,0.0,0.0,1.0,1.0,1.0,1.0,0.0,1.0,0.0,0.0,0.0,1.0,0.0,0.0,0.0,1.0,0.0,0.0,0.0,0.0,2834.4,0.5411764705882353,0.023523985459902006,0.009759334542098323,-0.013764650917803684,0.2618181818181819,0.08363636363636365,-0.17818181818181825,0.07744172509114296,0.06992736482632848,-0.007514360264814474,0.06224374713154817,0.057108690520341204,-0.005135056611206966
2842.97,17.6,2,3,1.0,pause,0.0,0.0,1.0,1.0,1.0,1.0,0.0,1.0,0.0,0.0,0.0,1.0,0.0,0.0,0.0,1.0,0.0,0.0,0.0,0.0,2842.67,0.4823529411764706,0.03173971550716736,0.008523637997292045,-0.023216077509875314,0.16,0.11600000000000002,-0.043999999999999984,0.08693224407184541,0.07421982473807454,-0.012712419333770875,0.06152049034452685,0.05953013164772978,-0.001990358696797069
2911.43,30.37,2,3,2.0,Breath,1.0,1.0,0.0,1.0,0.0,0.0,0.0,1.0,0.0,0.0,0.0,1.0,0.0,0.0,0.0,1.0,0.0,0.0,1.0,0.0,2910.64,0.5058823529411764,0.01436162850407823,0.0034519321975795317,-0.010909696306498698,0.039999999999999994,0.036,-0.003999999999999997,0.06907112456995117,0.07404123124582422,0.004970106675873054,0.06427663241930104,0.054323360133562884,-0.009953272285738154
2918.88,31.5,2,3,2.0,pause,1.0,1.0,0.0,1.0,0.0,0.0,0.0,1.0,0.0,0.0,0.0,1.0,0.0,0.0,0.0,1.0,0.0,0.0,0.0,0.0,2918.88,0.4235294117647059,0.019231911987870453,0.004661912799902902,-0.014569999187967551,0.268,0.0,-0.268,0.08444007476417625,0.09668526902363989,0.012245194259463632,0.06296380521399933,0.0689900622757448,0.006026257061745477
2942.85,36.99,2,3,2.0,breath,1.0,0.0,1.0,1.0,1.0,1.0,0.0,1.0,0.0,0.0,0.0,0.0,0.0,0.0,0.0,1.0,0.0,0.0,1.0,0.0,2941.84,0.4117647058823529,0.05354449752578801,0.022135152011357986,-0.03140934551443002,0.024,0.05600000000000001,0.03200000000000001,0.06906037948377988,0.0866668136864245,0.017606434202644614,0.05538989061313504,0.06464049971910166,0.009250609105966617
2946.93,37.99,2,3,1.0,breath,1.0,0.0,0.0,0.0,1.0,0.0,0.0,1.0,0.0,0.0,0.0,0.0,1.0,0.0,0.0,1.0,0.0,0.0,1.0,0.0,2946.56,0.43529411764705883,0.021148646253716052,0.0036573497493516084,-0.017491296504364442,0.096,0.0,-0.096,0.08170096562330519,0.08818297175094905,0.006482006127643866,0.05433798569824044,0.05418088285856748,-0.00015710283967296235
2964.51,41.25,2,3,1.0,drop,0.0,1.0,1.0,1.0,0.0,1.0,0.0,1.0,0.0,0.0,0.0,1.0,0.0,1.0,0.0,1.0,1.0,0.0,0.0,0.0,2964.51,0.5411764705882353,0.025382487243570413,0.00709080575075641,-0.018291681492814002,0.43600000000000005,0.0,-0.43600000000000005,0.07759366729512399,0.06747045588675221,-0.010123211408371774,0.05958830661236392,0.05211086372307738,-0.007477442889286534
3009.07,49.0,2,3,1.0,retreat,1.0,0.0,0.0,0.0,0.0,0.0,0.0,1.0,0.0,0.0,0.0,1.0,0.0,0.0,0.0,1.0,1.0,0.0,1.0,0.0,3009.07,0.4588235294117647,0.08817184495452997,0.046933508257879515,-0.04123833669665045,0.348,0.064,-0.284,0.0852161685118463,0.07574783828457711,-0.009468330227269187,0.0595709794320714,0.05861680352554187,-0.0009541759065295335
3029.29,51.75,2,3,1.0,fade,0.0,0.0,1.0,1.0,1.0,1.0,0.0,1.0,0.0,0.0,0.0,1.0,0.0,0.0,0.0,1.0,0.0,0.0,0.0,0.0,3028.03,0.4470588235294118,0.014001779999409419,0.003311610418250078,-0.01069016958115934,0.152,0.0,-0.152,0.08123461161266558,0.08294818898808863,0.0017135773754230477,0.05765729912156714,0.0620451515541075,0.004387852432540362
3084.05,61.99,2,3,1.0,breath,1.0,0.0,0.0,0.0,1.0,0.0,0.0,1.0,0.0,0.0,0.0,1.0,0.0,0.0,0.0,0.0,1.0,1.0,1.0,0.0,3083.92,0.5176470588235295,0.14825542001032038,0.018548147037463658,-0.12970727297285672,0.18000000000000002,0.10400000000000001,-0.07600000000000001,0.08180639482542931,0.08144816971351938,-0.00035822511190992945,0.06178187806930656,0.059875138709765706,-0.001906739359540853
3098.08,65.13,2,3,1.0,retreat,0.0,1.0,1.0,1.0,1.0,1.0,0.0,1.0,0.0,0.0,0.0,1.0,0.0,0.0,0.0,0.0,1.0,0.0,1.0,0.0,3098.08,0.4470588235294118,0.0897056342434707,0.014898875245284205,-0.07480675899818649,0.6839999999999999,0.036,-0.6479999999999999,0.08852041622082213,0.08561810385884772,-0.002902312361974413,0.06468592014962694,0.06326723200314464,-0.0014186881464822998
3121.63,71.25,2,3,2.0,retreat,1.0,0.0,1.0,1.0,0.0,1.0,0.0,1.0,0.0,0.0,0.0,0.0,0.0,0.0,0.0,1.0,1.0,0.0,1.0,0.0,3121.63,0.4823529411764706,0.11083328501636416,0.019690450010340914,-0.09114283500602324,0.32399999999999995,0.0,-0.32399999999999995,0.08011721298678703,0.06582628444809638,-0.014290928538690656,0.058721954240569155,0.0548646958982987,-0.0038572583422704573
3142.6,75.99,2,3,1.0,halt,1.0,1.0,0.0,0.0,0.0,0.0,0.0,1.0,0.0,0.0,0.0,1.0,0.0,1.0,0.0,0.0,0.0,1.0,1.0,0.0,3142.27,0.5294117647058824,0.04220001877223549,0.0028283141234254285,-0.03937170464881006,0.4720000000000001,0.0,-0.4720000000000001,0.0789807079045464,0.060603862516388406,-0.018376845388157988,0.05674099990458112,0.04773892390509269,-0.009002075999488428
3199.69,85.99,2,3,1.0,halt,1.0,1.0,0.0,0.0,0.0,0.0,0.0,1.0,0.0,0.0,0.0,1.0,0.0,0.0,0.0,0.0,0.0,1.0,1.0,0.0,3199.33,0.43529411764705883,0.05099356548213448,0.006314014851150034,-0.04467955063098445,0.27999999999999997,0.004,-0.27599999999999997,0.0823710551707653,0.0796733403851992,-0.002697714785566102,0.05562871297116796,0.06028136404620118,0.0046526510750332165
3236.52,94.5,2,3,1.0,drop,0.0,0.0,1.0,1.0,1.0,1.0,0.0,1.0,0.0,0.0,0.0,0.0,0.0,0.0,0.0,1.0,0.0,1.0,0.0,0.0,3236.37,0.4235294117647059,0.05193448102037222,0.0226767147355472,-0.029257766284825022,0.34400000000000003,0.084,-0.26,0.0736571167456517,0.06588170264513428,-0.007775414100517422,0.05599562783580172,0.05779547512834118,0.0017998472925394582
3247.29,96.87,2,3,1.0,drop,0.0,1.0,1.0,1.0,0.0,1.0,0.0,1.0,0.0,0.0,0.0,1.0,0.0,0.0,0.0,0.0,1.0,0.0,1.0,0.0,3247.17,0.32941176470588235,0.02795035275084868,0.023268658269773958,-0.004681694481074722,0.13999999999999999,0.008,-0.13199999999999998,0.0682331550742876,0.08071221694514916,0.012479061870861563,0.055666286444812474,0.061249106484632346,0.005582820039819872
3266.45,100.5,2,3,0.0,end,0.0,1.0,0.0,0.0,1.0,1.0,0.0,1.0,0.0,0.0,0.0,0.0,0.0,0.0,0.0,1.0,0.0,0.0,0.0,1.0,3266.45,0.4588235294117647,0.004761832327356405,0.003597900578152558,-0.0011639317492038465,0.0,0.0,0.0,0.06714118264566198,0.07675348706128829,0.009612304415626313,0.05559975327532698,0.04836570070887043,-0.007234052566456546
5399.59,37.0,3,1,1.0,contract,0.0,0.0,1.0,1.0,0.0,0.0,0.0,1.0,1.0,1.0,0.0,0.0,0.0,0.0,0.0,1.0,0.0,0.0,1.0,0.0,5398.8,0.5176470588235295,0.01896296674887514,0.022666265743427182,0.003703298994552042,0.2760000000000001,0.10800000000000001,-0.16800000000000007,0.06593972938458037,0.05720801905823801,-0.00873171032634236,0.05018902453856624,0.046042993795646865,-0.004146030742919374
5423.95,44.0,3,1,0.0,close,0.0,0.0,1.0,0.0,0.0,0.0,0.0,1.0,0.0,0.0,0.0,0.0,0.0,0.0,0.0,0.0,0.0,0.0,0.0,0.0,5423.95,0.5529411764705883,0.020907277494450722,0.016352195752487322,-0.0045550817419633995,0.376,0.38399999999999995,0.007999999999999952,0.075800780192677,0.07058507369870637,-0.005215706493970629,0.058396402336378564,0.057442007614518995,-0.0009543947218595694
5447.47,50.5,3,1,0.0,contract,0.0,0.0,1.0,0.0,0.0,0.0,0.0,1.0,1.0,0.0,0.0,0.0,0.0,0.0,0.0,0.0,0.0,0.0,1.0,0.0,5447.47,0.43529411764705883,0.051938663777189975,0.013265464746497077,-0.0386731990306929,0.152,0.032,-0.12,0.06505789089671468,0.06422822256911458,-0.0008296683276001054,0.054485694448888976,0.051508927323185516,-0.0029767671257034597
5566.59,85.0,3,1,0.0,contract,0.0,0.0,1.0,0.0,1.0,0.0,0.0,0.0,0.0,0.0,0.0,0.0,0.0,0.0,0.0,1.0,0.0,0.0,1.0,0.0,5566.59,0.4588235294117647,0.03409422950256753,0.010760182254301734,-0.0233340472482658,0.12399999999999997,0.052000000000000005,-0.07199999999999997,0.0658181727305949,0.07183362717425235,0.0060154544436574475,0.04949862371024459,0.05483575954376889,0.005337135833524298
5664.83,115.12,3,1,2.0,drop,1.0,0.0,1.0,1.0,0.0,0.0,0.0,1.0,1.0,1.0,0.0,1.0,0.0,0.0,0.0,1.0,0.0,0.0,1.0,0.0,5664.83,0.5529411764705883,0.04340666723466415,0.01188216750965006,-0.03152449972501409,0.21600000000000003,0.148,-0.06800000000000003,0.06382244577206117,0.06613476410180179,0.0023123183297406175,0.05501023318504418,0.04905387767383183,-0.005956355511212347
5740.72,141.12,3,1,1.0,drop,0.0,0.0,1.0,1.0,0.0,0.0,0.0,1.0,1.0,0.0,0.0,0.0,0.0,0.0,0.0,1.0,0.0,0.0,1.0,0.0,5740.72,0.49411764705882355,0.0862565750212469,0.07417662451877896,-0.012079950502467934,0.20400000000000001,0.244,0.03999999999999998,0.09224243477456956,0.08332375359318975,-0.008918681181379812,0.06277465370650337,0.05699486957866458,-0.005779784127838791
5776.97,154.12,3,1,1.0,drop,0.0,0.0,1.0,1.0,0.0,0.0,0.0,1.0,1.0,0.0,0.0,0.0,0.0,0.0,0.0,1.0,0.0,0.0,1.0,0.0,5776.97,0.35294117647058826,0.09746890250544853,0.0356634010117831,-0.06180550149366543,0.21600000000000003,0.30400000000000005,0.08800000000000002,0.07643950182200843,0.08427850078915156,0.00783899896714313,0.05928683077444628,0.06529818620941769,0.006011355434971409
5885.13,193.5,3,1,1.0,drop,0.0,0.0,1.0,1.0,1.0,0.0,0.0,1.0,1.0,0.0,0.0,0.0,0.0,0.0,0.0,1.0,0.0,0.0,1.0,0.0,5885.13,0.6,0.11382233999598028,0.031850374989791874,-0.0819719650061884,0.096,0.26000000000000006,0.16400000000000006,0.08153578704562225,0.06398569996795149,-0.017550087077670765,0.05834585453239525,0.04766617929773887,-0.010679675234656377
6011.51,241.0,3,1,2.0,end,1.0,1.0,0.0,1.0,0.0,0.0,0.0,0.0,0.0,0.0,0.0,0.0,0.0,0.0,0.0,0.0,0.0,0.0,1.0,1.0,6011.32,0.5647058823529412,0.11605564748762562,0.003561635102091576,-0.11249401238553404,0.14400000000000004,0.44400000000000006,0.30000000000000004,0.08520957171579516,0.07470275702625387,-0.010506814689541288,0.057018666329079516,0.05702962998188412,1.0963652804604762e-05
6285.95,1.0,4,1,1.0,pause,1.0,0.0,0.0,0.0,0.0,0.0,0.0,1.0,0.0,0.0,0.0,1.0,0.0,0.0,0.0,1.0,0.0,0.0,1.0,0.0,6285.81,0.4470588235294118,0.010062996722315812,0.004034455175406461,-0.006028541546909351,0.088,0.24800000000000005,0.16000000000000006,0.09103927849970331,0.1011780111078733,0.010138732608169998,0.06331574691422559,0.0673780187456858,0.004062271831460212
6292.81,2.0,4,1,1.0,pause,1.0,0.0,0.0,0.0,0.0,0.0,0.0,1.0,0.0,0.0,0.0,1.0,0.0,0.0,0.0,1.0,0.0,0.0,1.0,0.0,6292.81,0.4470588235294118,0.01617435874985903,0.005495656071650852,-0.010678702678208177,0.08,0.24800000000000005,0.16800000000000004,0.12027654354738256,0.08986349129240476,-0.0304130522549778,0.06544866322073757,0.06195855645707249,-0.0034901067636650823
6299.12,3.0,4,1,0.0,pause,0.0,0.0,1.0,0.0,0.0,1.0,0.0,1.0,0.0,0.0,0.0,1.0,0.0,0.0,0.0,1.0,0.0,0.0,0.0,0.0,6299.12,0.5058823529411764,0.015517509499090035,0.006105135651212864,-0.009412373847877171,0.14000000000000004,0.04,-0.10000000000000003,0.08124912881905039,0.07627411970673123,-0.0049750091123191564,0.061055731389316595,0.05941197325961277,-0.0016437581297038262
6305.55,4.0,4,1,0.0,pause,0.0,0.0,1.0,0.0,0.0,1.0,0.0,1.0,0.0,0.0,0.0,1.0,0.0,0.0,0.0,1.0,0.0,0.0,0.0,0.0,6305.02,0.4470588235294118,0.013761713244131002,0.005309652651937896,-0.008452060592193106,0.076,0.0,-0.076,0.09020278551086289,0.09718595976846192,0.006983174257599034,0.06283554868727238,0.06294235706197182,0.00010680837469943805
6312.95,5.0,4,1,0.0,pause,0.0,0.0,1.0,0.0,0.0,0.0,0.0,1.0,0.0,0.0,0.0,1.0,0.0,0.0,0.0,1.0,0.0,0.0,0.0,0.0,6312.23,0.5176470588235295,0.025148326503981928,0.0060362072770425755,-0.019112119226939353,0.0,0.0,0.0,0.1483467007736859,0.07976934763762346,-0.06857735313606243,0.06366521556916095,0.056868047216397,-0.006797168352763949
6326.43,6.0,4,1,1.0,pause,1.0,0.0,0.0,0.0,0.0,0.0,0.0,1.0,0.0,0.0,0.0,1.0,0.0,0.0,0.0,1.0,0.0,0.0,1.0,0.0,6326.43,0.38823529411764707,0.03314213425258757,0.005259845726332225,-0.027882288526255346,0.06799999999999999,0.076,0.008000000000000007,0.07878081567018759,0.12990669242120698,0.051125876751019386,0.05715981036566196,0.058483313806867755,0.0013235034412057978
6340.49,7.0,4,1,0.0,pause,0.0,0.0,1.0,0.0,0.0,0.0,0.0,1.0,0.0,0.0,0.0,1.0,0.0,0.0,0.0,1.0,0.0,0.0,0.0,0.0,6339.97,0.4588235294117647,0.0331210400005436,0.014879783994181528,-0.018241256006362068,0.1,0.07999999999999999,-0.020000000000000018,0.08115489740811764,0.0946084754752033,0.013453578067085664,0.059948700843897695,0.056717247186098975,-0.0032314536577987205
6352.55,8.0,4,1,1.0,pause,1.0,0.0,0.0,0.0,0.0,0.0,0.0,1.0,0.0,0.0,0.0,1.0,0.0,0.0,0.0,1.0,0.0,0.0,1.0,0.0,6351.93,0.49411764705882355,0.015336158755039516,0.004861411424648391,-0.010474747330391125,0.032,0.05600000000000001,0.024000000000000007,0.06936147659036535,0.06788936606063221,-0.001472110529733131,0.05440458477999464,0.053104431226632685,-0.0013001535533619518
6359.03,9.0,4,1,0.0,pause,0.0,0.0,1.0,0.0,0.0,0.0,0.0,1.0,0.0,0.0,0.0,1.0,0.0,0.0,0.0,1.0,0.0,0.0,0.0,0.0,6358.2,0.4588235294117647,0.041745269250922215,0.010066722275441902,-0.03167854697548031,0.048,0.20400000000000001,0.15600000000000003,0.07226146482221563,0.07149537006179847,-0.0007660947604171547,0.0565588862150059,0.05822074733600878,0.001661861121002882
6365.23,10.0,4,1,0.0,pause,0.0,0.0,1.0,0.0,0.0,0.0,0.0,1.0,0.0,0.0,0.0,1.0,0.0,0.0,0.0,1.0,0.0,0.0,0.0,0.0,6364.46,0.38823529411764707,0.02572544324815037,0.006098896071900621,-0.01962654717624975,0.0,0.20400000000000001,0.20400000000000001,0.09213855875383592,0.07764456596464463,-0.014493992789191293,0.06044303084697468,0.05705182328296911,-0.0033912075640055717
6382.12,11.0,4,1,1.0,pause,1.0,0.0,0.0,0.0,0.0,0.0,0.0,1.0,0.0,0.0,0.0,1.0,0.0,0.0,0.0,1.0,0.0,0.0,1.0,0.0,6381.91,0.5058823529411764,0.01502560925123439,0.0030206605978767708,-0.01200494865335762,0.11600000000000002,0.11600000000000002,0.0,0.08528005463041423,0.06958341418752281,-0.015696640442891416,0.05789198927557221,0.05186903332051111,-0.006022955955061096
6396.1,12.0,4,1,1.0,pause,1.0,0.0,0.0,0.0,0.0,0.0,0.0,1.0,0.0,0.0,0.0,1.0,0.0,0.0,0.0,1.0,0.0,0.0,1.0,0.0,6396.1,0.6235294117647059,0.06423484776278425,0.008954158405743873,-0.05528068935704038,0.33454545454545453,0.27636363636363637,-0.05818181818181817,0.07875989530677634,0.07643979738313816,-0.002320097923638173,0.062201868901488135,0.055338219048544086,-0.006863649852944048
6408.32,13.0,4,1,1.0,pause,1.0,0.0,0.0,0.0,0.0,0.0,0.0,1.0,0.0,0.0,0.0,1.0,0.0,0.0,0.0,1.0,0.0,0.0,1.0,0.0,6408.32,0.5176470588235295,0.02984196199646138,0.0037745286761446282,-0.02606743332031675,0.35200000000000004,0.06800000000000002,-0.28400000000000003,0.08483058313035222,0.0835185928083407,-0.0013119903220115137,0.059832260539540286,0.05645140988081465,-0.0033808506587256343
6420.18,14.0,4,1,0.0,pause,0.0,0.0,1.0,0.0,0.0,0.0,0.0,1.0,0.0,0.0,0.0,1.0,0.0,0.0,0.0,1.0,0.0,0.0,0.0,0.0,6420.18,0.5882352941176471,0.08846073751576768,0.008732545500111433,-0.07972819201565624,0.264,0.05600000000000001,-0.20800000000000002,0.08691096687376074,0.06988636361656642,-0.01702460325719432,0.062845280250007,0.05250295467100121,-0.010342325579005794
6433.07,15.0,4,1,2.0,pause,1.0,0.0,0.0,1.0,1.0,0.0,0.0,1.0,0.0,0.0,0.0,1.0,0.0,0.0,0.0,1.0,0.0,0.0,1.0,0.0,6433.07,0.47058823529411764,0.016157002996303883,0.0027625793482626863,-0.013394423648041196,0.0,0.0,0.0,0.0678500560416653,0.06439478623581021,-0.003455269805855088,0.05393098092312778,0.05132395192214291,-0.0026070290009848687
6448.01,16.0,4,1,1.0,pause,1.0,0.0,0.0,0.0,1.0,0.0,0.0,1.0,0.0,0.0,0.0,1.0,0.0,0.0,0.0,1.0,0.0,0.0,1.0,0.0,6448.01,0.4588235294117647,0.10302994748486247,0.007342797492267526,-0.09568714999259494,0.17600000000000002,0.24,0.06399999999999997,0.07770679281355666,0.07059771412855437,-0.007109078685002296,0.05947253558151212,0.05695680506748073,-0.0025157305140313946
6464.86,17.0,4,1,1.0,pause,1.0,0.0,0.0,0.0,0.0,0.0,0.0,1.0,0.0,0.0,0.0,1.0,0.0,0.0,0.0,1.0,0.0,0.0,1.0,0.0,6464.86,0.4117647058823529,0.08836691000883168,0.007581255452733965,-0.08078565455609771,0.392,0.18,-0.21200000000000002,0.08091739282338686,0.07101659489685566,-0.009900797926531202,0.05561886335681632,0.05752936364412189,0.0019105002873055707
6472.52,18.0,4,1,1.0,pause,1.0,0.0,0.0,0.0,0.0,0.0,0.0,1.0,0.0,0.0,0.0,1.0,0.0,0.0,0.0,1.0,0.0,0.0,1.0,0.0,6472.52,0.43529411764705883,0.011304574749301974,0.002224851252497444,-0.00907972349680453,0.08,0.27999999999999997,0.19999999999999996,0.0681494685113501,0.06410775584970298,-0.004041712661647129,0.054533803472694944,0.05646811076904583,0.0019343072963508845
6477.53,19.0,4,1,1.0,pause,1.0,0.0,0.0,0.0,0.0,0.0,0.0,1.0,0.0,0.0,0.0,1.0,0.0,0.0,0.0,1.0,0.0,0.0,1.0,0.0,6477.35,0.5882352941176471,0.030628728003949744,0.013837578009431745,-0.016791149994518,0.192,0.14000000000000004,-0.05199999999999996,0.07357202175550603,0.07450655435276683,0.0009345325972607982,0.05961046625856585,0.05193391595374328,-0.007676550304822567
6490.9,20.0,4,1,1.0,end,1.0,1.0,0.0,0.0,0.0,0.0,0.0,1.0,0.0,0.0,0.0,1.0,0.0,0.0,0.0,1.0,0.0,0.0,1.0,1.0,6490.9,0.5529411764705883,0.00674079474958462,0.0023837328996107825,-0.004357061849973837,0.21200000000000002,0.08,-0.132,0.06878381180615852,0.057449839073377,-0.011333972732781514,0.0584594881957466,0.048110565769785674,-0.01034892242596093
6541.55,34.0,4,2,1.0,close,0.0,0.0,1.0,1.0,0.0,0.0,0.0,1.0,0.0,0.0,0.0,0.0,0.0,0.0,0.0,1.0,0.0,0.0,1.0,0.0,6541.55,0.49411764705882355,0.05524043846697942,0.015139361667041103,-0.04010107679993832,0.048,0.0,-0.048,0.08334537567063838,0.0748293482849379,-0.008516027385700481,0.0695109594834955,0.060292677504966065,-0.00921828197852944
6568.41,53.0,4,2,1.0,pass,0.0,0.0,1.0,1.0,0.0,0.0,0.0,1.0,1.0,0.0,0.0,0.0,0.0,0.0,0.0,1.0,0.0,0.0,1.0,0.0,6568.41,0.4235294117647059,0.07584421749443225,0.015391154501044385,-0.06045306299338787,0.26799999999999996,0.13999999999999999,-0.12799999999999997,0.07923599910088557,0.08402145393669189,0.0047854548358063215,0.06136682735184855,0.06282977195717596,0.001462944605327407
6579.44,60.68,4,2,2.0,pass,1.0,0.0,0.0,1.0,0.0,0.0,0.0,1.0,0.0,0.0,0.0,0.0,0.0,0.0,0.0,1.0,0.0,0.0,1.0,0.0,6579.1,0.49411764705882355,0.029574387737404256,0.01744078824042279,-0.012133599496981465,0.388,0.20800000000000002,-0.18,0.10884456290270395,0.08339191724227767,-0.02545264566042628,0.07009640499076507,0.07132198799435371,0.0012255830035886456
6591.01,69.0,4,2,1.0,close,0.0,0.0,1.0,1.0,0.0,0.0,0.0,1.0,0.0,0.0,0.0,0.0,0.0,0.0,0.0,1.0,0.0,0.0,1.0,0.0,6591.01,0.5647058823529412,0.11670168252229181,0.020986557503275875,-0.09571512501901594,0.44800000000000006,0.032,-0.41600000000000004,0.07925170843721731,0.08102575924389327,0.0017740508066759614,0.06917050433657976,0.05867247540904301,-0.010498028927536748
6606.13,79.5,4,2,1.0,pass,0.0,0.0,1.0,1.0,0.0,1.0,0.0,1.0,0.0,0.0,0.0,0.0,0.0,0.0,0.0,1.0,0.0,0.0,1.0,0.0,6605.74,0.43529411764705883,0.03782383424465521,0.01461023924635146,-0.023213594998303753,0.33999999999999997,0.23200000000000004,-0.10799999999999993,0.07715358504577308,0.07619321223136934,-0.0009603728144037399,0.06091185863424307,0.06819184253512359,0.00727998390088052
6614.96,86.0,4,2,1.0,dip,0.0,0.0,1.0,1.0,0.0,1.0,0.0,1.0,0.0,0.0,0.0,0.0,0.0,0.0,0.0,1.0,0.0,0.0,1.0,0.0,6614.83,0.49411764705882355,0.01343440925055725,0.009009385499936183,-0.004425023750621067,0.29200000000000004,0.324,0.03199999999999997,0.08135415618975306,0.07254841671530257,-0.008805739474450486,0.06636597085686734,0.05977881069287161,-0.006587160163995728
6618.94,89.0,4,2,2.0,end,1.0,0.0,0.0,1.0,0.0,0.0,0.0,1.0,0.0,0.0,0.0,0.0,0.0,0.0,0.0,1.0,0.0,0.0,1.0,1.0,6618.94,0.4588235294117647,0.007608828326487213,0.0022741963245902315,-0.0053346320018969814,0.26399999999999996,0.156,-0.10799999999999996,0.0739119253248445,0.07098223318112247,-0.002929692143722032,0.059306932913296764,0.05773504621947796,-0.0015718866938188025
6628.57,5.5,4,3,1.0,pause,1.0,0.0,0.0,0.0,0.0,0.0,0.0,1.0,0.0,0.0,0.0,1.0,0.0,1.0,0.0,0.0,1.0,0.0,1.0,0.0,6628.94,0.6352941176470588,0.11084914993245838,0.005669297827426553,-0.10517985210503183,0.388,0.26400000000000007,-0.12399999999999994,0.09220973068896934,0.07083527053261875,-0.021374460156350597,0.06875661726432775,0.05766698875325462,-0.011089628511073125
6659.52,33.5,4,3,1.0,riturnello,0.0,0.0,1.0,1.0,0.0,1.0,0.0,1.0,0.0,0.0,0.0,0.0,0.0,0.0,0.0,1.0,0.0,0.0,1.0,0.0,6659.15,0.4235294117647059,0.08824604995571092,0.028629228752923418,-0.0596168212027875,0.096,0.23200000000000004,0.13600000000000004,0.09231592243351251,0.09308904308915747,0.0007731206556449571,0.07179140524776444,0.077593089612124,0.005801684364359558
6677.96,49.0,4,3,1.0,pause,1.0,1.0,0.0,0.0,0.0,0.0,0.0,1.0,0.0,0.0,0.0,1.0,0.0,1.0,0.0,0.0,1.0,0.0,1.0,0.0,6678.37,0.611764705882353,0.16293123133918186,0.011536165257298983,-0.15139506608188288,0.44800000000000006,0.10400000000000001,-0.3440000000000001,0.09860679394931054,0.06622157597075164,-0.03238521797855891,0.06636306210980673,0.05375877308639635,-0.012604289023410382
6701.17,69.0,4,3,0.0,close,0.0,0.0,1.0,0.0,1.0,0.0,0.0,1.0,0.0,0.0,0.0,0.0,0.0,0.0,0.0,0.0,0.0,0.0,1.0,0.0,6701.17,0.5176470588235295,0.06250386252838387,0.0369716845045798,-0.025532178023804072,0.364,0.58,0.21599999999999997,0.08573176981347057,0.07377861184104358,-0.011953157972426992,0.07122914472863574,0.06183320985913562,-0.009395934869500126
6711.35,77.5,4,3,1.0,close,0.0,0.0,1.0,1.0,1.0,0.0,0.0,1.0,1.0,0.0,0.0,0.0,0.0,0.0,0.0,0.0,0.0,0.0,1.0,0.0,6710.59,0.5058823529411764,0.0532805554857166,0.03615274798899993,-0.01712780749671667,0.396,0.32399999999999995,-0.07200000000000006,0.07747760001833867,0.0845422621209408,0.0070646621026021345,0.06495263858549763,0.06171949193253432,-0.0032331466529633077
6728.4,91.0,4,3,1.0,pause,1.0,1.0,0.0,0.0,0.0,0.0,0.0,1.0,0.0,0.0,0.0,1.0,0.0,1.0,0.0,0.0,1.0,0.0,1.0,0.0,6729.13,0.5529411764705883,0.07306421250121774,0.005539251751027387,-0.06752496075019035,0.28400000000000003,0.0,-0.28400000000000003,0.0862625762769175,0.08082360458400811,-0.005438971692909383,0.0664434365274009,0.05110254248573545,-0.015340894041665443
6757.37,116.33,4,3,2.0,end,1.0,1.0,0.0,1.0,0.0,0.0,0.0,1.0,0.0,0.0,0.0,0.0,0.0,0.0,0.0,1.0,0.0,0.0,1.0,1.0,6757.59,0.5176470588235295,0.007060364400890655,0.007954862082977906,0.0008944976820872506,0.384,0.43600000000000005,0.052000000000000046,0.08815011140005641,0.09776332114740457,0.009613209747348167,0.06907628307561353,0.058261381119446655,-0.010814901956166877
6816.55,42.0,5,1,1.0,trade,0.0,0.0,1.0,1.0,0.0,0.0,0.0,1.0,1.0,0.0,0.0,0.0,0.0,0.0,0.0,1.0,0.0,0.0,1.0,0.0,6816.38,0.5294117647058824,0.13788654743395043,0.055076630240651556,-0.08280991719329887,0.188,0.004,-0.184,0.14918438933946176,0.14651845975971495,-0.0026659295797468174,0.09794084589028602,0.08954912355161558,-0.008391722338670443
6829.27,56.167,5,1,1.0,retract,0.0,0.0,1.0,1.0,0.0,0.0,0.0,0.0,0.0,0.0,0.0,0.0,0.0,0.0,0.0,1.0,0.0,0.0,0.0,0.0,6828.98,0.5529411764705883,0.0691744974842592,0.042985884225057634,-0.02618861325920157,0.048,0.18,0.132,0.1533055784880048,0.12452407787208682,-0.028781500615917985,0.0956973196033746,0.08497746338564487,-0.010719856217729737
6839.67,67.17,5,1,1.0,retract,0.0,1.0,1.0,1.0,0.0,1.0,0.0,1.0,1.0,0.0,0.0,1.0,0.0,0.0,0.0,1.0,0.0,0.0,1.0,0.0,6838.44,0.5411764705882353,0.1355797324409495,0.025433795010812093,-0.11014593743013741,0.25200000000000006,0.33999999999999997,0.08799999999999991,0.14935357974632502,0.11940197072171485,-0.029951609024610165,0.08709867835252876,0.08602729052460667,-0.001071387827922085
6847.19,75.0,5,1,1.0,trade,0.0,0.0,1.0,1.0,0.0,1.0,0.0,1.0,1.0,0.0,0.0,0.0,0.0,0.0,0.0,1.0,0.0,0.0,1.0,0.0,6847.01,0.3764705882352941,0.0740541000090047,0.03156411327020707,-0.04248998673879763,0.42000000000000004,0.5359999999999999,0.11599999999999988,0.11332309145304587,0.12369764422921599,0.010374552776170123,0.0749455018874163,0.07843158988692404,0.0034860879995077393
6851.96,80.5,5,1,1.0,pause,0.0,0.0,1.0,1.0,1.0,1.0,0.0,1.0,0.0,0.0,0.0,0.0,0.0,0.0,0.0,1.0,0.0,0.0,1.0,0.0,6851.6,0.6,0.043743060267206,0.016769640741296686,-0.026973419525909315,0.548,0.368,-0.18000000000000005,0.11540067207441315,0.09459714891483377,-0.020803523159579382,0.07859877908726412,0.07007233601623912,-0.008526443071025
6857.44,86.5,5,1,1.0,breath,1.0,0.0,0.0,0.0,1.0,0.0,0.0,1.0,0.0,0.0,0.0,0.0,0.0,0.0,0.0,1.0,0.0,0.0,1.0,0.0,6857.03,0.47058823529411764,0.05938109202397658,0.006611976902521716,-0.052769115121454865,0.5439999999999999,0.5600000000000002,0.016000000000000236,0.08903314717821131,0.08508843751657427,-0.003944709661637041,0.07010058694149686,0.06917039087880386,-0.0009301960626929978
6875.44,106.5,5,1,2.0,lift,1.0,1.0,0.0,1.0,1.0,0.0,0.0,1.0,0.0,0.0,0.0,0.0,0.0,0.0,0.0,1.0,0.0,0.0,1.0,0.0,6874.77,0.4823529411764706,0.08723496998502396,0.012856469748241414,-0.07437850023678255,0.22400000000000003,0.308,0.08399999999999996,0.12499653069984613,0.10568092950719339,-0.019315601192652743,0.07833032425219079,0.07627112781947559,-0.0020591964327151963
6899.33,131.0,5,1,1.0,fall,0.0,0.0,1.0,1.0,1.0,0.0,0.0,1.0,0.0,0.0,0.0,0.0,1.0,0.0,0.0,1.0,0.0,0.0,0.0,0.0,6899.33,0.6,0.09886989495659407,0.11352220498338854,0.014652310026794471,0.20400000000000001,0.2840000000000001,0.08000000000000007,0.11953627661425033,0.09470625166037262,-0.024830024953877705,0.09024623572122245,0.06226994577161099,-0.02797628994961146
6902.37,131.83,5,1,2.0,pause,1.0,0.0,0.0,1.0,0.0,0.0,0.0,1.0,0.0,0.0,0.0,0.0,1.0,1.0,0.0,1.0,0.0,0.0,0.0,0.0,6902.07,0.5411764705882353,0.11352220498338854,0.004970323647783905,-0.10855188133560463,0.2840000000000001,0.264,-0.020000000000000073,0.09470625166037262,0.07893393828869079,-0.015772313371681834,0.06226994577161099,0.04986052982992207,-0.012409415941688921
6918.31,147.0,5,1,1.0,retract,0.0,0.0,1.0,1.0,0.0,0.0,0.0,1.0,1.0,0.0,0.0,0.0,0.0,0.0,0.0,1.0,1.0,0.0,1.0,0.0,6918.31,0.4235294117647059,0.08929133747141162,0.03853454251793688,-0.05075679495347474,0.372,0.35600000000000004,-0.01599999999999996,0.1105161093326869,0.10248719881870001,-0.008028910513986881,0.07727387584981801,0.07624008347106104,-0.0010337923787569758
6932.5,162.0,5,1,2.0,end,1.0,1.0,0.0,1.0,0.0,0.0,0.0,1.0,0.0,0.0,0.0,1.0,0.0,0.0,0.0,0.0,0.0,1.0,1.0,1.0,6932.5,0.3058823529411765,0.1458240682400311,0.047043175233601596,-0.0987808930064295,0.4327272727272728,0.28,-0.15272727272727277,0.11434785110678315,0.15403404722783726,0.039686196121054104,0.08658893914260914,0.09786990319784973,0.011280964055240594
6979.65,5.74,6,1,1.0,freeze,1.0,0.0,0.0,0.0,0.0,0.0,0.0,1.0,0.0,0.0,0.0,0.0,0.0,1.0,0.0,0.0,0.0,0.0,1.0,0.0,6979.95,0.7176470588235294,0.04690528677868778,0.004525389605896076,-0.042379897172791704,0.292,0.372,0.08000000000000002,0.2253013287991219,0.1272870174156783,-0.0980143113834436,0.13099986493813706,0.07876901672890466,-0.052230848209232406
6988.23,10.99,6,1,1.0,freeze,1.0,0.0,0.0,0.0,0.0,0.0,0.0,1.0,0.0,0.0,0.0,0.0,0.0,1.0,0.0,0.0,0.0,0.0,1.0,0.0,6988.45,0.5882352941176471,0.08987262501881331,0.0050662038488332615,-0.08480642116998005,0.388,0.12000000000000002,-0.268,0.12505334260071316,0.09289946396884488,-0.03215387863186828,0.0799642100554406,0.06388757937190073,-0.016076630683539872
6999.91,18.74,6,1,1.0,freeze,1.0,0.0,0.0,0.0,0.0,0.0,0.0,1.0,0.0,0.0,0.0,0.0,0.0,1.0,0.0,0.0,0.0,0.0,1.0,0.0,6999.91,0.611764705882353,0.06861254946301179,0.018670910025173452,-0.04994163943783834,0.068,0.064,-0.0040000000000000036,0.10662403597352457,0.07965173822868798,-0.026972297744836587,0.07905104452165165,0.05640941946763846,-0.022641625054013195
7013.21,29.75,6,1,1.0,lull,0.0,0.0,1.0,1.0,1.0,0.0,0.0,0.0,0.0,0.0,0.0,0.0,0.0,0.0,0.0,1.0,0.0,0.0,0.0,0.0,7013.65,0.5058823529411764,0.06459461747086993,0.02970363073939216,-0.03489098673147777,0.016,0.0,-0.016,0.0985564322775263,0.10202050741126185,0.0034640751337355474,0.07344016826815655,0.0745576852738665,0.0011175170057099448
7046.8,56.0,6,1,2.0,lull,1.0,0.0,1.0,1.0,0.0,1.0,0.0,1.0,0.0,0.0,0.0,0.0,0.0,0.0,0.0,0.0,0.0,0.0,0.0,0.0,7046.69,0.4470588235294118,0.16586110211843955,0.07668083184149507,-0.08918027027694447,0.39272727272727265,0.11272727272727275,-0.2799999999999999,0.11384345611409744,0.10760678725753073,-0.006236668856566707,0.08205869107883434,0.07625395617558219,-0.0058047349032521595
7078.79,82.0,6,1,1.0,drop,0.0,0.0,1.0,1.0,1.0,0.0,0.0,1.0,1.0,0.0,0.0,0.0,0.0,0.0,0.0,0.0,0.0,0.0,1.0,0.0,7078.23,0.49411764705882355,0.1795297000229343,0.05175182097184339,-0.12777787905109092,0.43200000000000005,0.22800000000000004,-0.20400000000000001,0.11167999648623868,0.1117795597228242,9.95632365855259e-05,0.0773976585583895,0.07918093754959701,0.001783278991207518
7141.47,112.67,6,1,1.0,thin,0.0,0.0,1.0,1.0,0.0,1.0,0.0,0.0,0.0,0.0,0.0,0.0,0.0,0.0,0.0,1.0,0.0,0.0,0.0,0.0,7140.02,0.5176470588235295,0.11816161750389223,0.03451284000081355,-0.08364877750307868,0.33199999999999996,0.256,-0.07599999999999996,0.09054692954652868,0.08749339792899684,-0.0030535316175318433,0.06871645835615228,0.06813192868192151,-0.0005845296742307687
7144.21,113.5,6,1,1.0,thin,0.0,0.0,1.0,1.0,0.0,1.0,0.0,0.0,0.0,1.0,0.0,0.0,0.0,0.0,0.0,0.0,0.0,0.0,1.0,0.0,7142.97,0.5176470588235295,0.037748406736593285,0.012569820001330046,-0.02517858673526324,0.24800000000000005,0.44000000000000006,0.192,0.0880590074381685,0.07819995351802403,-0.009859053920144467,0.06655867991374373,0.06327234441285642,-0.003286335500887305
7169.04,133.0,6,1,1.0,end,1.0,1.0,0.0,0.0,0.0,0.0,0.0,1.0,0.0,0.0,0.0,0.0,0.0,0.0,0.0,0.0,1.0,0.0,1.0,1.0,7169.34,0.43529411764705883,0.12123407495059375,0.030217436008462883,-0.09101663894213087,0.292,0.5119999999999999,0.21999999999999992,0.11358178599664052,0.13141099962690678,0.017829213630266252,0.08266805223333337,0.08093489693952904,-0.0017331552938043282
7228.91,4.67,7,1,0.0,droop,0.0,0.0,1.0,0.0,0.0,0.0,0.0,1.0,0.0,0.0,0.0,1.0,0.0,0.0,0.0,1.0,0.0,0.0,0.0,0.0,7228.91,0.4235294117647059,0.028288353482495077,0.011950020011397465,-0.016338333471097612,0.024,0.13200000000000003,0.10800000000000004,0.10264951723090583,0.09483590685197638,-0.007813610378929456,0.061016865998905025,0.05928542153830949,-0.0017314444605955326
7263.52,19.99,7,1,1.0,pause,1.0,0.0,0.0,0.0,1.0,0.0,0.0,1.0,0.0,0.0,0.0,1.0,0.0,1.0,0.0,1.0,0.0,0.0,1.0,0.0,7261.99,0.5176470588235295,0.009265647500239194,0.0029767928445553933,-0.006288854655683801,0.052000000000000005,0.0,-0.052000000000000005,0.07082434354809304,0.05660880399620446,-0.014215539551888583,0.0494079348016564,0.04616407281867767,-0.003243861982978734
7297.17,37.0,7,1,1.0,hold,0.0,0.0,1.0,1.0,0.0,1.0,0.0,1.0,0.0,0.0,0.0,0.0,0.0,0.0,0.0,1.0,0.0,0.0,1.0,0.0,7297.17,0.5058823529411764,0.021808443750597994,0.007707508999084447,-0.014100934751513547,0.12400000000000003,0.084,-0.04000000000000002,0.07071357266420038,0.05637863244982794,-0.01433494021437244,0.05248844830945373,0.04647250424657892,-0.006015944062874805
7315.43,46.0,7,1,0.0,place,0.0,0.0,1.0,0.0,1.0,0.0,0.0,1.0,0.0,0.0,0.0,1.0,0.0,0.0,0.0,1.0,0.0,0.0,0.0,0.0,7315.43,0.5647058823529412,0.016070655756572218,0.002985954047367668,-0.01308470170920455,0.0,0.10400000000000001,0.10400000000000001,0.07156723544880068,0.06427177332190238,-0.0072954621268983,0.05527075871954039,0.048791345433295386,-0.006479413286245003
7331.21,54.33,7,1,1.0,pause,1.0,1.0,0.0,0.0,0.0,0.0,0.0,1.0,0.0,0.0,0.0,1.0,0.0,1.0,0.0,1.0,0.0,0.0,1.0,0.0,7330.83,0.47058823529411764,0.011548726501556802,0.0025301666715229565,-0.009018559830033846,0.22000000000000003,0.21600000000000003,-0.0040000000000000036,0.06367840488115215,0.06539540692797915,0.0017170020468270097,0.0511057140457941,0.04731109777843482,-0.003794616267359281
7363.35,71.0,7,1,1.0,lift,1.0,1.0,0.0,0.0,1.0,0.0,0.0,1.0,0.0,0.0,0.0,1.0,0.0,1.0,0.0,1.0,0.0,0.0,1.0,0.0,7362.88,0.3764705882352941,0.009849721001082074,0.0021579331209382307,-0.0076917878801438435,0.044,0.20800000000000002,0.16400000000000003,0.0805184137348264,0.06032060469406344,-0.020197809040762967,0.046869409196674795,0.046820320597123675,-4.908859955111977e-05
7390.18,87.0,7,1,1.0,close,0.0,0.0,1.0,1.0,1.0,1.0,0.0,1.0,0.0,0.0,0.0,0.0,0.0,0.0,0.0,0.0,0.0,1.0,1.0,0.0,7390.17,0.38823529411764707,0.08430017753412569,0.07360403750266295,-0.010696140031462742,0.036000000000000004,0.192,0.156,0.07265013002947646,0.07781400220062998,0.005163872171153522,0.05345270051220905,0.060193649688427574,0.006740949176218522
7418.58,105.0,7,1,1.0,close,0.0,0.0,1.0,1.0,1.0,1.0,0.0,1.0,0.0,0.0,0.0,0.0,0.0,0.0,0.0,0.0,0.0,1.0,1.0,0.0,7418.58,0.43529411764705883,0.15576451503434904,0.04635121173826524,-0.10941330329608381,0.25999999999999995,0.2800000000000001,0.02000000000000013,0.056968898479134625,0.06650899298273724,0.009540094503602617,0.04658924583510961,0.04657028094938454,-1.8964885725065994e-05
7468.76,138.0,7,1,1.0,drift,0.0,0.0,1.0,1.0,1.0,1.0,0.0,1.0,0.0,0.0,0.0,0.0,0.0,0.0,0.0,1.0,0.0,0.0,1.0,0.0,7468.76,0.49411764705882355,0.10383462996147401,0.04799967000497693,-0.05583495995649708,0.16799999999999998,0.044000000000000004,-0.12399999999999997,0.06546490194491562,0.06359249069335164,-0.0018724112515639824,0.049870169421049264,0.04650343283787669,-0.003366736583172575
7477.77,142.33,7,1,1.0,hold,0.0,0.0,1.0,1.0,1.0,1.0,0.0,0.0,0.0,0.0,0.0,0.0,1.0,1.0,0.0,1.0,0.0,0.0,0.0,0.0,7477.77,0.4235294117647059,0.03044550600628466,0.01530448949849698,-0.01514101650778768,0.28400000000000003,0.43600000000000005,0.15200000000000002,0.06494095007415321,0.06880948036228132,0.0038685302881281136,0.046256547199567455,0.04473604966272532,-0.0015204975368421358
7517.61,159.5,7,1,0.0,close,0.0,0.0,1.0,0.0,1.0,1.0,0.0,1.0,0.0,0.0,0.0,0.0,1.0,0.0,0.0,1.0,0.0,0.0,0.0,0.0,7517.61,0.4235294117647059,0.008628546254414969,0.006943774750111142,-0.0016847715043038268,0.2,0.092,-0.10800000000000001,0.0637821994865391,0.07001702394324313,0.006234824456704036,0.047883005607332656,0.0491189637594216,0.001235958152088941
7527.61,162.0,7,1,1.0,end,1.0,1.0,0.0,0.0,0.0,0.0,0.0,1.0,0.0,0.0,0.0,0.0,1.0,0.0,0.0,0.0,0.0,0.0,1.0,1.0,7525.88,0.5411764705882353,0.008001208497190845,0.006147211491894012,-0.0018539970052968329,0.012,0.0,-0.012,0.06462834223183504,0.0664649656280619,0.0018366233962268524,0.04977521514058529,0.04432079208054686,-0.0054544230600384325
7588.47,9.25,8,1,0.0,close,0.0,0.0,1.0,0.0,1.0,0.0,0.0,1.0,0.0,0.0,0.0,0.0,0.0,0.0,0.0,0.0,0.0,0.0,0.0,0.0,7588.47,0.4117647058823529,0.037925428502525456,0.011675574008963335,-0.02624985449356212,0.0,0.6,0.6,0.090278357685775,0.08560524738636396,-0.004673110299411032,0.05978986576858636,0.0623014572616125,0.0025115914930261413
7660.99,36.75,8,1,1.0,lift,0.0,0.0,1.0,1.0,0.0,0.0,0.0,1.0,0.0,0.0,0.0,0.0,0.0,0.0,0.0,1.0,0.0,0.0,1.0,0.0,7660.99,0.3764705882352941,0.08503375001288228,0.019624163238275535,-0.06540958677460675,0.21600000000000003,0.07200000000000001,-0.14400000000000002,0.07315747195810285,0.08730558270612987,0.01414811074802702,0.05688554772187073,0.0628733954129714,0.005987847691100674
7711.69,55.75,8,1,1.0,breath,1.0,1.0,0.0,0.0,0.0,0.0,0.0,1.0,0.0,0.0,0.0,0.0,0.0,0.0,0.0,0.0,0.0,0.0,1.0,0.0,7711.69,0.4117647058823529,0.12181159000606578,0.01072799969897508,-0.11108359030709071,0.324,0.18,-0.14400000000000002,0.07903111631560007,0.07185697348105248,-0.007174142834547592,0.05655286194210809,0.0559065628544652,-0.000646299087642889
7744.49,67.5,8,1,2.0,end,1.0,1.0,0.0,1.0,0.0,0.0,0.0,1.0,0.0,0.0,0.0,0.0,0.0,0.0,0.0,1.0,0.0,0.0,1.0,1.0,7744.9,0.4588235294117647,0.01192566725354202,0.0023082921971937435,-0.009617375056348276,0.4880000000000001,0.524,0.03599999999999992,0.05996936647153989,0.06509959910628425,0.005130232634744367,0.048760488894399566,0.04860700823069488,-0.00015348066370468594
7916.48,62.25,9,1,1.0,retract,0.0,0.0,1.0,1.0,0.0,0.0,0.0,0.0,1.0,0.0,0.0,0.0,0.0,0.0,0.0,1.0,0.0,0.0,1.0,0.0,7916.2,0.4823529411764706,0.13079490004026978,0.05937045550584378,-0.07142444453442601,0.392,0.4960000000000001,0.10400000000000009,0.18012192609920236,0.14922431356586094,-0.030897612533341418,0.10316153913164561,0.09858769687702615,-0.004573842254619459
7943.42,86.25,9,1,1.0,drop,0.0,0.0,1.0,1.0,1.0,0.0,0.0,0.0,0.0,0.0,0.0,0.0,0.0,0.0,0.0,0.0,0.0,0.0,0.0,0.0,7942.63,0.4235294117647059,0.09936317993309123,0.03235507023289787,-0.06700810970019336,0.42000000000000004,0.20400000000000001,-0.21600000000000003,0.1211005965661999,0.12494618266630515,0.0038455861001052555,0.08222956649079695,0.08246764498365963,0.0002380784928626839
8026.2,160.25,9,1,0.0,retract,0.0,0.0,1.0,0.0,1.0,0.0,0.0,0.0,1.0,0.0,0.0,0.0,0.0,0.0,0.0,1.0,0.0,0.0,1.0,0.0,8025.96,0.4588235294117647,0.1636549426067754,0.08567070252687528,-0.07798424007990012,0.608,0.72,0.11199999999999999,0.1257653715307191,0.10863532936265702,-0.017130042168062076,0.08761430940803452,0.08400999957713033,-0.0036043098309041927
8041.96,173.0,9,1,1.0,end,1.0,1.0,0.0,0.0,0.0,0.0,0.0,1.0,0.0,0.0,0.0,0.0,0.0,0.0,0.0,0.0,0.0,1.0,1.0,1.0,8042.22,0.07058823529411765,0.13560688757119185,0.09556908692994551,-0.040037800641246346,0.5520000000000002,0.732,0.17999999999999983,0.11089831655127809,0.3581580724374064,0.2472597558861283,0.08244593708235892,0.22263719929050757,0.14019126220814865
